,samedi,Dr. Maatoug,Dr. Maatoug,Dr. Maatoug,Dr. Maatoug,Dr. Maatoug,Dr. Mariat,Dr. Mariat,Dr. Mariat,Dr. Mariat,Dr. Mariat,Dr. Cuche,Dr. Cuche,Dr. Cuche,Dr. Cuche,Dr. Cuche,Dr. Vaudelin,Dr. Vaudelin,Dr. Vaudelin,Dr. Vaudelin,Dr. Vaudelin,Dr. Caillierez,Dr. Caillierez,Dr. Caillierez,Dr. Caillierez,Dr. Caillierez,Dr Rousson,Dr Rousson,Dr Rousson,Dr Rousson,Dr Rousson,Dr Aupetit,Dr Aupetit,Dr Aupetit,Dr Aupetit,Dr Aupetit,Dr Reymond,Dr Reymond,Dr Reymond,Dr Reymond,Dr Reymond,Dr Favre Felix,Dr Favre Felix,Dr Favre Felix,Dr Favre Felix,Dr Favre Felix,@
samedi,04/01/2025,,,,,,,,,,,,,,,,,,,,,,,,,,,,,,,,,,,,,,,,,,,,,,
dimanche,05/01/2025,,,,,,,,,,,,,,,,,,,,,,,,,,,,,,,,,,,,,,,,,,,,,,
lundi,06/01/2025,Dr. Augoyard,,,,,,,,,,,,,,,Dr. Augoyard,Dr. Meusnier,,,,Dr. Durand,Dr. Duquesne,Dr. Bordier,Dr. Bordier,,,,,,,,,,,,Dr. Afathi,Dr. Tetard,Dr. Ninou,Dr. Ninou,Dr. Guillaud,Dr. Afathi,Dr. Tetard,Dr. Ninou,Dr. Ninou,Dr. Guillaud,
mardi,07/01/2025,,,,,,Dr. Mestrallet,Dr. Barbier,Dr. Houssami,,,,,,,,Dr. Bissuel,Dr. D'Ingrado,Dr. Delaval,Dr. Delaval,,,,,,,Dr. Afathi,Dr. Vasseneix,Dr. Authom,Dr. Authom,Dr. El Alami,,,,,,,,,,,,,,,,
mercredi,08/01/2025,Dr. Durand,Dr. Duquesne,Dr. Gineys,Dr. André,Dr. André,,,,,,Dr. Valentin,Dr. Vallese,Dr. Gauthier,Dr. Gauthier,Dr. Delaval,Dr. Augoyard,Dr. Rochepeau,Dr. Fortoul,Dr. Fortoul,,,,,,,,,,,,,,,,,,,,,,,,,,,
jeudi,09/01/2025,Dr. Laurendon,Dr. Tracogna,Dr. Fortoul,,,,,,,,,,,,,,,,,,,,,,,Dr. Afathi,Dr. Nove Josserand,,,,,,,,,Dr. Bissuel,Dr. Badet,Dr.Barba,Dr.Barba,,Dr. Bissuel,Dr. Badet,Dr.Barba,Dr.Barba,,
vendredi,10/01/2025,,,,,,Dr. Augoyard,Dr. Leturc,,,,,,,,,,,,,,Dr. Milon,Dr. Tracogna,Dr. Bouthenet,Dr. Bouthenet,,,,,,,,,,,,Dr. Devillier,Dr. Meusnier,Dr. Picot,Dr. Picot,,Dr. Devillier,Dr. Meusnier,Dr. Picot,Dr. Picot,,
samedi,11/01/2025,,,,,,,,,,,,,,,,,,,,,,,,,,,,,,,,,,,,,,,,,,,,,,
dimanche,12/01/2025,,,,,,,,,,,,,,,,,,,,,,,,,,,,,,,,,,,,,,,,,,,,,,
lundi,13/01/2025,Dr. Durand,Dr. Duquesne,Dr. Marthelot,,,Dr. Bissuel,Dr. Meusnier,,,,Dr. Favreul,Dr. Valentin,Dr. El Alami,Dr. El Alami,Dr. Sigaux,,,,,,,,,,,,,,,,,,,,,,,,,,,,,,,
mardi,14/01/2025,,,,,,,,,,,Dr. Barbier,Dr. Delaval,,,,,,,,,Dr. Authom,Dr. D'Ingrado,Dr. Jacquin,Dr. Jacquin,,,,,,,Dr. Vallese,Dr. Hullo,Dr. Kheliouen,Dr. Kheliouen,,,,,,,,,,,,
mercredi,15/01/2025,Dr. Durand,Dr. Duquesne,Dr. Gineys,,,Dr. Afathi,Dr. Valentin,Dr. Kimakhe,Dr. Kimakhe,,,,,,,Dr. Augoyard,Dr. Rochepeau,Dr. Collotte,Dr. Collotte,,,,,,,,,,,,,,,,,,,,,,,,,,,
jeudi,16/01/2025,,,,,,,,,,,,,,,,Dr. Bissuel,Dr. Barbier,,,,,,,,,Dr. Mukish,Dr. Tetard,,,,Dr. Laurendon,Dr. Dumas,Dr. Reskallah,Dr. Reskallah,,,,,,,,,,,,
vendredi,17/01/2025,,,,,,,,,,,Dr. Favreul,Dr. Leturc,Dr. Han,Dr. Han,,,,,,,,,,,,Dr. Grosclaude,Dr. Milon,Dr. Sayac,Dr. Sayac,,Dr. Augoyard,Dr. Bordier,,,Dr. Jaby,,,,,,,,,,,
samedi,18/01/2025,,,,,,,,,,,,,,,,,,,,,,,,,,,,,,,,,,,,,,,,,,,,,,
dimanche,19/01/2025,,,,,,,,,,,,,,,,,,,,,,,,,,,,,,,,,,,,,,,,,,,,,,
lundi,20/01/2025,,,,,,Dr. Durand,Dr. Duquesne,Dr. Vasseneix,,,Dr. Augoyard,Dr. Bordier,Dr. Le Diagon,Dr. Le Diagon,,,,,,,,,,,,,,,,,,,,,,Dr. Afathi,Dr. Tetard,Dr. Charleux,Dr. Charleux,Dr. Guillaud,Dr. Afathi,Dr. Tetard,Dr. Charleux,Dr. Charleux,Dr. Guillaud,
mardi,21/01/2025,,,,,,,,,,,Dr. Bissuel,Dr. D'Ingrado,Dr. Delaval,Dr. Delaval,,Dr. Afathi,Dr. Le Diagon,Dr. Authom,Dr. Authom,Dr. El Alami,,,,,,Dr. Barbier,Dr.Barba,Dr. Houssami,Dr. Houssami,,,,,,,,,,,,,,,,,
mercredi,22/01/2025,,,,,,,,,,,Dr. Valentin,Dr. Vallese,Dr. Gauthier,Dr. Gauthier,Dr. Delaval,Dr. Durand,Dr. Duquesne,Dr. Gineys,Dr. Gineys,,,,,,,Dr. Augoyard,Dr. Rochepeau,Dr. Fortoul,Dr. Fortoul,,,,,,,,,,,,,,,,,
jeudi,23/01/2025,,,,,,,,,,,,,,,,,,,,,,,,,,Dr. Tracogna,Dr. Laurendon,Dr. Fortoul,Dr. Fortoul,,Dr. Bissuel,Dr. Nove Josserand,,,,Dr. Afathi,Dr. Mukish,,,,Dr. Afathi,Dr. Mukish,,,,
vendredi,24/01/2025,,,,,,Dr. Devillier,Dr. Augoyard,Dr. André,,Dr. Jouan,,,,,,,,,,,,,,,,,,,,,Dr. Favreul,Dr. Leturc,Dr. Bouthenet,Dr. Bouthenet,,Dr. Tracogna,Dr. Milon,Dr. Han,Dr. Han,,Dr. Tracogna,Dr. Milon,Dr. Han,Dr. Han,,
samedi,25/01/2025,,,,,,,,,,,,,,,,,,,,,,,,,,,,,,,,,,,,,,,,,,,,,,
dimanche,26/01/2025,,,,,,,,,,,,,,,,,,,,,,,,,,,,,,,,,,,,,,,,,,,,,,
lundi,27/01/2025,,,,,,,,,,,,,,,,,,,,,,,,,,Dr. Valentin,Dr. Meusnier,Dr. Sigaux,Dr. Sigaux,,Dr. Favreul,Dr. Charleux,Dr. Corniglion,Dr. Corniglion,,Dr. Durand,Dr. Duquesne,Dr. Marthelot,Dr. Marthelot,,Dr. Durand,Dr. Duquesne,Dr. Marthelot,Dr. Marthelot,,
mardi,28/01/2025,,,,,,,,,,,Dr. Authom,Dr. D'Ingrado,Dr. Jacquin,Dr. Jacquin,,Dr. Barbier,Dr. Delaval,,,,,,,,,Dr. Vallese,Dr. Vasseneix,Dr. Kheliouen,Dr. Kheliouen,,,,,,,,,,,,,,,,,
mercredi,29/01/2025,Dr. Durand,Dr. Duquesne,,,,Dr. Afathi,Dr. Valentin,Dr. Kimakhe,,,,,,,,Dr. Augoyard,Dr. Rochepeau,Dr. Collotte,Dr. Collotte,,,,,,,,,,,,,,,,,,,,,,,,,,,
jeudi,30/01/2025,,,,,,,,,,,Dr. Laurendon,Dr. Dumas,Dr. Reskallah,Dr. Reskallah,,Dr. Bissuel,Dr. Tetard,,,,,,,,,,,,,,,,,,,Dr. Barbier,Dr. Mukish,,,,Dr. Barbier,Dr. Mukish,,,,
vendredi,31/01/2025,,,,,,Dr. Meusnier,Dr. Bayol,,,,,,,,,,,,,,Dr. Grosclaude,Dr. Milon,Dr. Han,Dr. Han,Dr. Picot,,,,,,Dr. Augoyard,Dr. Leturc,Dr. Bouthenet,Dr. Bouthenet,,,,,,,,,,,,
samedi,01/02/2025,,,,,,,,,,,,,,,,,,,,,,,,,,,,,,,,,,,,,,,,,,,,,,
dimanche,02/02/2025,,,,,,,,,,,,,,,,,,,,,,,,,,,,,,,,,,,,,,,,,,,,,,
lundi,03/02/2025,,,,,,Dr. Augoyard,Dr. Charleux,Dr. Guillaud,,,,,,,,,,,,,Dr. Meusnier,Dr. Afathi,,,,,,,,,Dr. Duquesne,Dr. Erhard,Dr. Durand,Dr. Durand,,,,,,,,,,,,
mardi,04/02/2025,Dr. Vasseneix,Dr. Houssami,Dr. Barbier,,,Dr. Afathi,Dr. Authom,Dr. Mestrallet,,Dr. Le Diagon,,,,,,,,,,,,,,,,,,,,,Dr. Bissuel,Dr. D'Ingrado,Dr. Delaval,Dr. Delaval,,,,,,,,,,,,
mercredi,05/02/2025,Dr. Augoyard,,Dr. Leturc,Dr. Fortoul,Dr. Fortoul,,,,,,,,,,,,,,,,Dr. Vallese,Dr. Gauthier,Dr. Valentin,Dr. Valentin,Dr. Delaval,Dr. Dumas,Dr. Duquesne,Dr. Durand,Dr. Durand,,,,,,,,,,,,,,,,,
jeudi,06/02/2025,Dr.Barba,Dr. Bissuel,Dr. Bordier,,,,,,,,,,,,,Dr. Sigaux,Dr. Nove Josserand,,,,Dr. Tracogna,Dr. Fortoul,Dr. Laurendon,Dr. Laurendon,,,,,,,,,,,,,,,,,,,,,,
vendredi,07/02/2025,Dr. Devillier,Dr. Jouan,Dr. Meusnier,,,,,,,,,,,,,,,,,,,,,,,Dr. Sigaux,Dr. Tracogna,Dr. Kimakhe,,,Dr. Augoyard,Dr. Leturc,Dr. Kheliouen,Dr. Kheliouen,,,,,,,,,,,,
samedi,08/02/2025,,,,,,,,,,,,,,,,,,,,,,,,,,,,,,,,,,,,,,,,,,,,,,
dimanche,09/02/2025,,,,,,,,,,,,,,,,,,,,,,,,,,,,,,,,,,,,,,,,,,,,,,
lundi,10/02/2025,Dr. Duquesne,Dr. Marthelot,Dr. Durand,,,Dr. Meusnier,Dr. Valentin,Dr. El Alami,,,,,,,,Dr. Bissuel,Dr. Favreul,Dr. Sigaux,,,,,,,,,,,,,,,,,,,,,,,,,,,,
mardi,11/02/2025,,,,,,,,,,,Dr. Authom,Dr. D'Ingrado,Dr. Jacquin,Dr. Jacquin,,Dr. Vallese,Dr. Hullo,Dr. Kheliouen,,,,,,,,,,,,,Dr. Barbier,Dr. Delaval,,,,,,,,,,,,,,
mercredi,12/02/2025,,,,,,,,,,,Dr. Duquesne,Dr. Gineys,Dr. Durand,Dr. Durand,,,,,,,Dr. Augoyard,Dr. Rochepeau,Dr. Laurendon,Dr. Laurendon,,,,,,,,,,,,Dr. Afathi,,Dr. Delaval,Dr. Delaval,,Dr. Afathi,Dr. Valentin,Dr. Delaval,Dr. Delaval,,
jeudi,13/02/2025,,,,,,,,,,,Dr. Dumas,Dr. Reskallah,Dr. Laurendon,Dr. Laurendon,,Dr. Barbier,Dr. Mukish,,,,,,,,,,,,,,,,,,,Dr. Tetard,Dr. Sigaux,Dr. Nove Josserand,,,Dr. Tetard,Dr. Bissuel,,,,
vendredi,14/02/2025,,,,,,Dr. Favreul,Dr. Augoyard,,,,,,,,,,,,,,Dr. Bordier,Dr. Meusnier,,,,Dr. Leturc,Dr. Milon,Dr. Picot,Dr. Picot,Dr. Han,,,,,,,,,,,,,,,,
samedi,15/02/2025,,,,,,,,,,,,,,,,,,,,,,,,,,,,,,,,,,,,,,,,,,,,,,
dimanche,16/02/2025,,,,,,,,,,,,,,,,,,,,,,,,,,,,,,,,,,,,,,,,,,,,,,
lundi,17/02/2025,Dr. Afathi,Dr. Tetard,Dr. Guillaud,Dr. Charleux,Dr. Charleux,Dr. Favreul,Dr. Ninou,Dr. Augoyard,,,,,,,,Dr. Duquesne,Dr. Vasseneix,Dr. Durand,,,,,,,,,,,,,,,,,,,,,,,,,,,,
mardi,18/02/2025,Dr.Barba,Dr. Barbier,Dr. Houssami,,,Dr. Afathi,Dr. Mestrallet,Dr. Authom,,Dr. El Alami,,,,,,Dr. Bissuel,Dr. D'Ingrado,Dr. Delaval,,,,,,,,,,,,,,,,,,,,,,,,,,,,
mercredi,19/02/2025,Dr. Augoyard,,Dr. Rochepeau,Dr. Fortoul,Dr. Fortoul,,,,,,Dr. Duquesne,Dr. Gineys,Dr. Durand,Dr. Durand,,,,,,,,,,,,,,,,,,,,,,Dr. Valentin,Dr. Vallese,Dr. Gauthier,Dr. Gauthier,Dr. Delaval,Dr. Valentin,Dr. Vallese,Dr. Gauthier,Dr. Gauthier,Dr. Delaval,
jeudi,20/02/2025,,,,,,,,,,,Dr. Nove Josserand,Dr. Bissuel,,,,Dr. Tracogna,Dr. Fortoul,Dr. Laurendon,,,,,,,,,,,,,Dr. Afathi,Dr. Mukish,,,,,,,,,,,,,,
vendredi,21/02/2025,,,,,,,,,,,,,,,,Dr. Devillier,Dr. André,Dr. Meusnier,,,,,,,,,,,,,Dr. Augoyard,Dr. Leturc,Dr. Bouthenet,Dr. Bouthenet,Dr. Jouan,Dr. Tracogna,Dr. Milon,Dr. Sayac,Dr. Sayac,Dr. Han,Dr. Tracogna,Dr. Milon,Dr. Sayac,Dr. Sayac,Dr. Han,
samedi,22/02/2025,,,,,,,,,,,,,,,,,,,,,,,,,,,,,,,,,,,,,,,,,,,,,,
dimanche,23/02/2025,,,,,,,,,,,,,,,,,,,,,,,,,,,,,,,,,,,,,,,,,,,,,,
lundi,24/02/2025,,,,,,Dr. Leturc,Dr. El Alami,Dr. Meusnier,,,,,,,,Dr. Favreul,Dr. Valentin,Dr. Sigaux,Dr. Sigaux,,,,,,,,,,,,Dr. Duquesne,Dr. Marthelot,Dr. Authom,Dr. Authom,Dr. Gauthier,,,,,,,,,,,
mardi,25/02/2025,,,,,,Dr. Authom,Dr. Vasseneix,Dr. Kheliouen,Dr. Kheliouen,,Dr. Vallese,Dr. D'Ingrado,Dr. Jacquin,Dr. Jacquin,,Dr. Barbier,Dr. Mestrallet,Dr. Bouthenet,Dr. Bouthenet,,,,,,,,,,,,,,,,,,,,,,,,,,,
mercredi,26/02/2025,,,,,,Dr. Duquesne,Dr. Marthelot, Dr. Faghahati, Dr. Faghahati,,,,,,,,,,,,,,,,,Dr. Rochepeau,Dr. Collotte,Dr. Augoyard,Dr. Augoyard,,,,,,,Dr. Valentin,Dr. Reskallah,Dr. Kimakhe,,,Dr. Valentin,,Dr. Kimakhe,Dr. Kimakhe,,
jeudi,27/02/2025,,,,,,,,,,,Dr. Dumas,Dr. Laurendon,Dr. Corniglion,Dr. Corniglion,,,,,,,,,,,,,,,,,Dr. Bissuel,Dr. Barbier,,,,Dr. Tetard,Dr. Mukish,,,,Dr. Tetard,Dr. Mukish,,,,
vendredi,28/02/2025,,,,,,,,,,,Dr. Augoyard,Dr. Leturc,Dr. Kheliouen,Dr. Kheliouen,,Dr. Grosclaude,Dr. Picot,Dr. Milon,Dr. Milon,Dr. Han,,,,,,Dr. Sayac,Dr. Bouthenet,Dr. Meusnier,Dr. Meusnier,,,,,,,,,,,,,,,,,
samedi,01/03/2025,,,,,,,,,,,,,,,,,,,,,,,,,,,,,,,,,,,,,,,,,,,,,,
dimanche,02/03/2025,,,,,,,,,,,,,,,,,,,,,,,,,,,,,,,,,,,,,,,,,,,,,,
lundi,03/03/2025,Dr. Afathi,Dr. Tetard,Dr. Charleux,,Dr. Guillaud,,,,,,,,,,,Dr. Erhard,Dr. Meusnier,Dr. Picot,Dr. Picot,Dr. Jouan,Dr. Duquesne,Dr. Houssami,Dr. Durand,Dr. Durand,,,,,,,,,,,,,,,,,,,,,,
mardi,04/03/2025,,,,,,,,,,,Dr. Vasseneix,Dr. Houssami,Dr. Mestrallet,Dr. Mestrallet,,Dr. Afathi,Dr. Authom,,,,Dr. Leturc,Dr. El Alami,Dr. Bordier,Dr. Bordier,Dr. Delaval,,,,,,,,,,,,,,,,,,,,,
mercredi,05/03/2025,Dr. Delaval,Dr. Valentin,Dr. Jouan,,,,,,,,,,,,,Dr. Duquesne,Dr. Gineys,Dr. Durand,Dr. Durand,,,,,,,,,,,,,,,,,Dr. Vallese,Dr. Gauthier,Dr. Rochepeau,,Dr. Fortoul,Dr. Vallese,Dr. Gauthier,Dr. Rochepeau,Dr. Rochepeau,Dr. Fortoul,
jeudi,06/03/2025,,Dr. Badet,Dr. Bordier,,,,,,,,Dr. Afathi,Dr. Gauthier,Dr. Corniglion,,,,,,,,,,,,,,,,,,,,,,,Dr. Tracogna,Dr. Fortoul,Dr. Le Diagon,,Dr Sayac,Dr. Tracogna,Dr. Fortoul,Dr. Le Diagon,Dr. Le Diagon,Dr Sayac,
vendredi,07/03/2025,Dr. Jaby,,,,,,,,,,,,,,,Dr. Tracogna,Dr. Milon,Dr. Sayac,Dr. Sayac,,Dr. Meusnier,Dr. Leturc,Dr. Han,Dr. Han,,,,,,,,,,,,,,,,,,,,,,
samedi,08/03/2025,,,,,,,,,,,,,,,,,,,,,,,,,,,,,,,,,,,,,,,,,,,,,,
dimanche,09/03/2025,,,,,,,,,,,,,,,,,,,,,,,,,,,,,,,,,,,,,,,,,,,,,,
lundi,10/03/2025,Dr. Marthelot,Dr. Durand,,,,Dr. Favreul,Dr. Sigaux,Dr. Valentin,Dr. Valentin,Dr. El Alami,,,,,,,,,,,,,,,,,,,,,Dr. Bissuel,Dr. Meusnier,,,,,,,,,,,,,,
mardi,11/03/2025,,,,,,Dr. Vallese,Dr. Hullo,Dr. Kheliouen,Dr. Kheliouen,,,,,,,,,,,,Dr. Barbier,Dr. Delaval,,,,Dr. Authom,Dr. D'Ingrado,Dr. Jacquin,Dr. Jacquin,,,,,,,,,,,,,,,,,
mercredi,12/03/2025,,,,,,,,,,,Dr. Augoyard,,Dr. Rochepeau,Dr. Rochepeau,Dr. Collotte,,,,,,,,,,,,,,,,Dr. Afathi,Dr. Valentin,Dr. Kimakhe,Dr. Kimakhe,,,Dr. Gineys,Dr. Durand,Dr. Durand,,Dr. Gauthier,Dr. Gineys,Dr. Durand,Dr. Durand,,
jeudi,13/03/2025,,,,,,,,,,,,,,,,,,,,,Dr. Dumas,Dr. Reskallah,Dr. Laurendon,Dr. Laurendon,,Dr. Bordier, Dr. Faghahati,,,,,,,,,Dr. Tetard,Dr. Barbier,,,,Dr. Tetard,Dr. Barbier,,,,
vendredi,14/03/2025,,,,,,,,,,,,,,,,Dr. Favreul,,,,,,,,,,,,,,,Dr. Bernier,Dr. Houssami,Dr. Milon,Dr. Sayac,,,Dr. Jaby,Dr. Jouan,Dr. Bayol,,Dr. Augoyard,Dr. Jaby,Dr. Jouan,Dr. Jouan,,
samedi,15/03/2025,,,,,,,,,,,,,,,,,,,,,,,,,,,,,,,,,,,,,,,,,,,,,,
dimanche,16/03/2025,,,,,,,,,,,,,,,,,,,,,,,,,,,,,,,,,,,,,,,,,,,,,,
lundi,17/03/2025,,,,,,Dr. Afathi,Dr. Tetard,Dr. Favreul,Dr. Favreul,Dr. Ninou,,,,,,Dr. Duquesne,Dr. Vasseneix,Dr. Durand,Dr. Durand,,,,,,,,,,,,Dr. Charleux,Dr. Guillaud,Dr. Augoyard,Dr. Augoyard,,,,,,,,,,,,
mardi,18/03/2025,,,,,,Dr.Barba,Dr. Houssami,Dr. Barbier,Dr. Barbier,,,,,,,Dr. Afathi,Dr. Authom,Dr. D'Ingrado,Dr. D'Ingrado,Dr. Delaval,Dr. Mestrallet,Dr. El Alami,Dr. Bissuel,Dr. Bissuel,,,,,,,,,,,,,,,,,,,,,,
mercredi,19/03/2025,,,,,,,,,,,,,,,,Dr. Vallese,Dr. Le Diagon,Dr. Valentin,Dr. Valentin,Dr. Delaval,Dr. Augoyard,Dr. Rochepeau,Dr. Fortoul,Dr. Fortoul,,,,,,,,,,,,Dr. Duquesne,Dr. Gineys,Dr. Durand,Dr. Durand,,Dr. Duquesne,Dr. Gineys,Dr. Durand,Dr. Durand,,
jeudi,20/03/2025,,,,,,,,,,,,,,,,,,,,,,Dr. Mukish,,,,Dr. Tracogna,Dr. Fortoul,Dr. Laurendon,Dr. Laurendon,,,,,,,Dr. Nove Josserand,Dr. Bissuel,,,,Dr. Nove Josserand,Dr. Bissuel,,,,
vendredi,21/03/2025,,,,,,,Dr. Han,Dr. Meusnier,Dr. Meusnier,,,,,,,,,,,,,,,,,Dr. Augoyard,Dr. Bouthenet,Dr. Devillier,Dr. Authom,,Dr. Tracogna,,,Dr. Sayac,Dr. Picot,,,,,,,,,,,
samedi,22/03/2025,,,,,,,,,,,,,,,,,,,,,,,,,,,,,,,,,,,,,,,,,,,,,,
dimanche,23/03/2025,,,,,,,,,,,,,,,,,,,,,,,,,,,,,,,,,,,,,,,,,,,,,,
lundi,24/03/2025,Dr. Duquesne,Dr. Marthelot,Dr. Durand,,,Dr. Bernier,Dr. Favreul,Dr. Charleux,,,,,,,,Dr. Valentin,Dr. Sigaux,Dr. Meusnier,,,,,,,,,,,,,,,,,,,,,,,,,,,,
mardi,25/03/2025,,,,,,Dr. Authom,Dr. D'Ingrado,Dr. Jacquin,Dr. Jacquin,, Dr. Faghahati,Dr. Delaval,,,,Dr. Vallese,Dr. Vasseneix,Dr. Kheliouen,Dr. Kheliouen,,,,,,,,,,,,,,,,,,,,,,,,,,,
mercredi,26/03/2025,,,,,,,,,,,,,,,,Dr. Duquesne,Dr. Durand,,,,Dr. Rochepeau,Dr. Collotte,Dr. Augoyard,Dr. Augoyard,,,,,,,,,,,,Dr. Afathi,Dr. Valentin,Dr. Kimakhe,Dr. Kimakhe,,Dr. Afathi,Dr. Valentin,Dr. Kimakhe,Dr. Kimakhe,,
jeudi,27/03/2025,,,,,,,,,,,Dr. Bordier,Dr. Le Diagon,Dr. Bissuel,Dr. Bissuel,,,,,,,,,,,,,,,,,Dr. Dumas,Dr. Reskallah,Dr. Laurendon,Dr. Laurendon,,Dr. Tetard,Dr. Mukish,,,,Dr. Tetard,Dr. Mukish,,,,
vendredi,28/03/2025,Dr. Bayol,Dr. Bouthenet,Dr. Milon,Dr. Han,,,,,,,,,,,,,,,,,Dr. Augoyard,Dr. Leturc,Dr. Kheliouen,Dr. Kheliouen,,,,,,,Dr. Grosclaude,Dr. Jouan,Dr. Meusnier,Dr. Meusnier,,,,,,,,,,,,
samedi,29/03/2025,,,,,,,,,,,,,,,,,,,,,,,,,,,,,,,,,,,,,,,,,,,,,,
dimanche,30/03/2025,,,,,,,,,,,,,,,,,,,,,,,,,,,,,,,,,,,,,,,,,,,,,,
lundi,31/03/2025,Dr. Augoyard,Dr. Charleux,Dr. Guillaud,,,,,,,,,,,,,Dr. Meusnier,Dr. Vallese,,,,,,,,,,,,,,Dr. Duquesne,Dr. Durand,Dr. Bordier,Dr. Bordier,,,,,,,,,,,,
mardi,31/03/2025,Dr. Afathi,Dr. Mestrallet,Dr. Authom,Dr. El Alami,Dr. El Alami,,,,,,Dr. Bissuel,Dr. D'Ingrado,Dr. Delaval,Dr. Delaval,,,,,,,Dr. Leturc,Dr. Houssami,Dr. Barbier,Dr. Barbier,,,,,,,,,,,,,,,,,,,,,,
mercredi,02/04/2025,Dr. Augoyard,Dr. Valentin,Dr. Delaval,,,,,,,,,,,,,Dr. Duquesne,Dr. Durand,Dr. Gineys,Dr. Gineys,,,,,,,,,,,,,,,,,Dr. Vallese,Dr. Gauthier,Dr. Rochepeau,Dr. Rochepeau,Dr. Fortoul,Dr. Vallese,Dr. Gauthier,Dr. Rochepeau,Dr. Rochepeau,Dr. Fortoul,
jeudi,03/04/2025,,,,,,,,,,,Dr. Bissuel, Dr. Faghahati,,,,,,,,,,,,,,Dr. Afathi,Dr. Badet,Dr. Tetard,Dr. Favreul,,,,,,,Dr. Tracogna,Dr. Fortoul,Dr. Laurendon,Dr. Laurendon,,Dr. Tracogna,Dr. Fortoul,Dr. Laurendon,Dr. Laurendon,,
vendredi,04/04/2025,Dr. Devillier,Dr. Meusnier,,,Dr. Picot,,,,,,,,,,,,,,,,Dr. Tracogna,Dr. Milon,Dr. Bouthenet,Dr. Bouthenet,Dr. Sayac,,,,,,Dr. Augoyard,Dr. Leturc,,Dr. Bernier,,,,,,,,,,,,
samedi,05/04/2025,,,,,,,,,,,,,,,,,,,,,,,,,,,,,,,,,,,,,,,,,,,,,,
dimanche,06/04/2025,,,,,,,,,,,,,,,,,,,,,,,,,,,,,,,,,,,,,,,,,,,,,,
lundi,07/04/2025,Dr. Duquesne,Dr. Marthelot,Dr. Durand,,,,,,,,,,,,,Dr. Bissuel,,Dr. Valentin,Dr. El Alami,,Dr. Meusnier,Dr. Favreul,Dr. Sigaux,,,,,,,,,,,,,,,,,,,,,,,
mardi,08/04/2025,,,,,,Dr. Authom,Dr. D'Ingrado,Dr. Jacquin,,,,,,,,,,,,,Dr. Vallese,Dr. Hullo,Dr. Kheliouen,,,,,,,,Dr. Barbier,Dr. Delaval,,,,,,,,,,,,,,
mercredi,09/04/2025,,,,,,Dr. Duquesne,Dr. Gineys,Dr. Durand,,,,,,,,Dr. Rochepeau,Dr. Ninou,Dr. Valentin,Dr. Kimakhe,,,,,,,,,,,,,,,,,Dr. Augoyard,Dr. Afathi,,,,,,,,,
jeudi,10/04/2025,,,,,,Dr. Barbier,Dr. Bissuel,,,,Dr. Dumas,Dr. Laurendon,Dr. Reskallah,,,,,,,,,,,,,,,,,,,,,,,Dr. Tetard,Dr. Mukish,,,,,,,,,
vendredi,11/04/2025,,,,,,Dr. Leturc,Dr. Augoyard,,Dr. Jouan,,,,,,,,,,,,Dr. Sayac,Dr. Bayol,Dr. Meusnier,,,Dr. Grosclaude,Dr. Milon,Dr. Han,Dr. Sayac,,,,,,,,,,,,,,,,,
samedi,12/04/2025,,,,,,,,,,,,,,,,,,,,,,,,,,,,,,,,,,,,,,,,,,,,,,
dimanche,13/04/2025,,,,,,,,,,,,,,,,,,,,,,,,,,,,,,,,,,,,,,,,,,,,,,
lundi,14/04/2025,,,,,,Dr. Afathi,Dr. Tetard,Dr. Houssami,Dr. Houssami,,,,,,,Dr. Augoyard,Dr. Favreul,,,,Dr. Duquesne,Dr. Vasseneix,Dr. Durand,,,,,,,,,,,,,,,,,,,,,,,
mardi,15/04/2025,Dr. Bissuel,,Dr. Delaval,,,Dr. Mestrallet,Dr. Houssami,Dr. Barbier,,,,,,,,,,,,,Dr. Afathi,Dr. Authom,Dr.Barba,Dr. El Alami,,,,,,,,,,,,,,,,,,,,,,
mercredi,16/04/2025,Dr. Vallese,Dr. Gauthier,Dr. Rochepeau,Dr. Fortoul,,,,,,,Dr. Augoyard,Dr. Valentin,Dr. Leturc,,,,,,,,,,,,,,,,,,,,,,,Dr. Duquesne,Dr. Gineys,Dr. Durand,,,,,,,,
jeudi,17/04/2025,,,,,,,,,,,,,,,,Dr. Tracogna,Dr. Fortoul,Dr. Laurendon,,,,,,,,,,,,,Dr. Afathi,Dr. Mukish,Dr. Tetard,,,Dr. Bissuel,,,,,,,,,,
vendredi,18/04/2025,Dr. Tracogna,Dr. Leturc,Dr. Han,,,Dr. Devillier,Dr. André,Dr. Meusnier,,,Dr. Augoyard,Dr. Bernier,Dr. Bouthenet,Dr. Jaby,,,,,,,,,,,,,,,,,,,,,,,,,,,,,,,,
samedi,19/04/2025,,,,,,,,,,,,,,,,,,,,,,,,,,,,,,,,,,,,,,,,,,,,,,
dimanche,20/04/2025,,,,,,,,,,,,,,,,,,,,,,,,,,,,,,,,,,,,,,,,,,,,,,
lundi,21/04/2025,,,,,,,,,,,,,,,,,,,,,,,,,,,,,,,,,,,,,,,,,,,,,,
mardi,22/04/2025,,,,,,Dr. Barbier,Dr. Delaval,,,,Dr. Vallese,Dr. Vasseneix,Dr. Jouan,,,Dr. D'Ingrado,Dr. Jacquin,Dr. Laurendon,,,,,,,,,,,,,,,,,,,,,,,,,,,,
mercredi,23/04/2025,,,,,,,,,,,,,,,,Dr. Afathi,Dr. Collotte,Dr. Valentin,,,Dr. Augoyard,Dr. Kimakhe,Dr. Leturc,,,,,,,,,,,,,Dr. Duquesne,Dr. Marthelot,Dr. Durand,,,,,,,,
jeudi,24/04/2025,,,,,,Dr. Mukish,Dr. Barbier,,,,,,,,,Dr. Dumas,Dr. Reskallah,Dr. Laurendon,,,Dr. Bissuel,Dr. Favreul,,,,,,,,,,,,,,,,,,,,,,,,
vendredi,25/04/2025,,,,,,Dr. Augoyard,Dr. Leturc,Dr. Favreul,,,,,,,,,,,,,Dr. Sayac,Dr. Milon,Dr. Han,Dr. Picot,,,,,,,,,,,,Dr. Bayol,Dr. Bouthenet,Dr. Meusnier,,,,,,,,
samedi,26/04/2025,,,,,,,,,,,,,,,,,,,,,,,,,,,,,,,,,,,,,,,,,,,,,,
dimanche,27/04/2025,,,,,,,,,,,,,,,,,,,,,,,,,,,,,,,,,,,,,,,,,,,,,,
lundi,28/04/2025,Dr. Duquesne,Dr. Durand,Dr. Vasseneix,,,,,,,,,,,,,,,,,,,,,,,Dr. Charleux,,Dr. Meusnier,,,Dr. Tetard,Dr. Augoyard,,,,,,,,,,,,,,
mardi,29/04/2025,,,,,,,,,,,Dr. Kheliouen,Dr. El Alami,Dr. Authom,,,Dr. Leturc,Dr. Bordier,Dr. Mestrallet,,,,,,,,,,,,,,,,,,Dr. Corniglion,Dr. D'Ingrado,Dr. Delaval,Dr. Gauthier,,,,,,,
mercredi,30/04/2025,,,,,,,,,,,,,,,,,Dr. Kheliouen,Dr. Durand,,,,,,,,Dr. Jouan,Dr. Valentin,Dr. Delaval,,,,,,,,Dr. Vallese,Dr. Gauthier,Dr. Rochepeau,Dr. Fortoul,,,,,,,
jeudi,01/05/2025,,,,,,,,,,,,,,,,,,,,,,,,,,,,,,,,,,,,,,,,,,,,,,
vendredi,02/05/2025,,,,,,,,,,,Dr. Leturc,Dr. Jouan,Dr. Picot,,,,Dr. Han,Dr. Tetard,,,,,,,,,,,,,Dr. Tracogna,Dr. Bordier,,,,,,,,,,,,,,
samedi,03/05/2025,,,,,,,,,,,,,,,,,,,,,,,,,,,,,,,,,,,,,,,,,,,,,,
dimanche,04/05/2025,,,,,,,,,,,,,,,,,,,,,,,,,,,,,,,,,,,,,,,,,,,,,,
lundi,05/05/2025,,,,,,,,,,,Dr. Meusnier,Dr. Favreul,Dr. Sigaux,,,Dr. Durand,Dr. Duquesne,Dr. Marthelot,,,Dr. Bissuel,Dr. Valentin,Dr. El Alami,,,,,,,,,,,,,Dr. Vallese,Dr. Hullo,Dr. Kheliouen,,,,,,,,
mardi,06/05/2025,,,,,,,,,,,,,,,,Dr. Authom,Dr. D'Ingrado,,Dr. Erhard,,,,,,,Dr. Barbier,Dr. Delaval,,,,,,,,,,,,,,,,,,,
mercredi,07/05/2025,,,,,,,,,,,,,,,,Dr. Afathi,Dr. Augoyard,,,,Dr. Valentin,Dr. Rochepeau, Dr. Faghahati,Dr. Kimakhe,,,,,,,,,,,,Dr. Durand,,Dr. Gineys,,,,,,,,
jeudi,08/05/2025,,,,,,,,,,,,,,,,,,,,,,,,,,,,,,,,,,,,,,,,,,,,,,
vendredi,09/05/2025,,,,,,,,,,,,,,,,,,,,,,,,,,,,,,,,,,,,,,,,,,,,,,
samedi,10/05/2025,,,,,,,,,,,,,,,,,,,,,,,,,,,,,,,,,,,,,,,,,,,,,,
dimanche,11/05/2025,,,,,,,,,,,,,,,,,,,,,,,,,,,,,,,,,,,,,,,,,,,,,,
lundi,12/05/2025,,Dr. Duquesne,Dr. Vasseneix,,,Dr. Favreul,Dr. Augoyard,Dr. Ninou,,,,,,,,Dr. Afathi,,Dr. Guillaud,,,,,,,,,,,,,,,,,,,,,,,,,,,,
mardi,13/05/2025,,,,,,Dr. Afathi,Dr. Mestrallet,Dr. Authom,Dr. El Alami,,Dr.Barba,Dr. Barbier,Dr. Houssami,,,,,,,,,,,,,,,,,,Dr. Bissuel,Dr. D'Ingrado,Dr. Delaval,,,,,,,,,,,,,
mercredi,14/05/2025,,,,,,,,,,,Dr. Valentin,Dr. Augoyard,Dr. Bouthenet,,,,,,,,,,,,,Dr. Vallese,Dr. Rochepeau,Dr. Gauthier,Dr. Fortoul,,,,,,,Dr. Durand,Dr. Duquesne,Dr. Gineys,,,,,,,,
jeudi,15/05/2025,,,,,,,,,,,,,,,,Dr. Bissuel,Dr. Nove Josserand,,,,,,,,,,,,,,Dr. Laurendon,Dr. Tracogna,Dr. Fortoul,,,Dr. Tetard,Dr. Mukish,,,,,,,,,
vendredi,16/05/2025,,,,,,,,,,,Dr. Augoyard,,Dr. Dumas,,Dr. Picot,,,,,,Dr. Devillier,Dr. Meusnier,Dr. André,,,Dr. Tracogna,Dr. Leturc,Dr. Han,,,,,,,,,,,,,,,,,,
samedi,17/05/2025,,,,,,,,,,,,,,,,,,,,,,,,,,,,,,,,,,,,,,,,,,,,,,
dimanche,18/05/2025,,,,,,,,,,,,,,,,,,,,,,,,,,,,,,,,,,,,,,,,,,,,,,
lundi,19/05/2025,Dr. Valentin,Dr. Meusnier,Dr. Sigaux,,,Dr. Durand,Dr. Duquesne,Dr. Marthelot,,,,,,,,,,,,,Dr. Favreul,Dr. Charleux,Dr. El Alami,,,,,,,,,,,,,,,,,,,,,,,
mardi,20/05/2025,Dr. Barbier,Dr. Delaval,,,,,,,,,Dr. Authom,Dr. D'Ingrado,Dr. Bordier,,,,,,,,,,,,,Dr. Vallese,Dr. Vasseneix,Dr. Kheliouen,,,,,,,,,,,,,,,,,,
mercredi,21/05/2025,,,,,,,,,,,,,,,,Dr. Durand,Dr. Duquesne,,,,,,,,,,,,,,Dr. Afathi,Dr. Rochepeau,Dr. Tetard,,,Dr. Augoyard,Dr. Valentin,Dr. Kimakhe,,,,,,,,
jeudi,22/05/2025,Dr. Tetard,Dr. Barbier,,,,,,,,,Dr. Laurendon,Dr. Dumas,Dr. Reskallah,,,,,,,,,,,,,,,,,,,,,,,Dr. Le Diagon,,,,,,,,,,
vendredi,23/05/2025,,,,,,,,,,,,,,,,,Dr. Kheliouen,,Dr. Bouthenet,,Dr. Grosclaude,Dr. Laurendon,Dr. Han,,Dr. Jaby,,,,,,Dr. Meusnier,,,Dr. Leturc,,,,,,,,,,,,
samedi,24/05/2025,,,,,,,,,,,,,,,,,,,,,,,,,,,,,,,,,,,,,,,,,,,,,,
dimanche,25/05/2025,,,,,,,,,,,,,,,,,,,,,,,,,,,,,,,,,,,,,,,,,,,,,,
lundi,26/05/2025,Dr. Afathi,,Dr. Guillaud,,,,,,,,,,,,,,,,,,Dr. Durand,Dr. Vasseneix,,,,,,,,,Dr. Augoyard,,Dr. Erhard,,,,,,,,,,,,,
mardi,27/05/2025,,,,,,,,,,,,,,,,Dr. Afathi,Dr. Mestrallet,Dr. Han,Dr. El Alami,,,,,,,,,,,,Dr. Bissuel,Dr. Authom,,,,,,,,,,,,,,
mercredi,28/05/2025,,,,,,Dr. Durand, Dr. Faghahati,Dr. Sayac,,,,,,,,,,,,,,,,,,Dr. Vallese,Dr. Rochepeau,Dr. Gauthier,Dr. Fortoul,,Dr. Augoyard,Dr. Valentin,Dr. Delaval,,,,,,,,,,,,,
jeudi,29/05/2025,,,,,,,,,,,,,,,,,,,,,,,,,,,,,,,,,,,,,,,,,,,,,,
vendredi,30/05/2025,,,,,,,,,,,,,,,,,,,,,,,,,,,,,,,,,,,,,,,,,,,,,,
samedi,31/05/2025,,,,,,,,,,,,,,,,,,,,,,,,,,,,,,,,,,,,,,,,,,,,,,
dimanche,01/06/2025,,,,,,,,,,,,,,,,,,,,,,,,,,,,,,,,,,,,,,,,,,,,,,
lundi,02/06/2025,,,,,,Dr. Marthelot,Dr. Durand,,,,,,,,,,,,,,Dr. Favreul,Dr. Valentin,Dr. Sigaux,,,,,,,,Dr. Vasseneix,Dr. El Alami,,,,Dr. Picot,,Dr. Bissuel,,,,,,,,
mardi,03/06/2025,,,,,,Dr. Hullo,Dr. Kheliouen,,,,,,,,,,,,,,Dr. Vallese,Dr. Gauthier,,,,Dr. Authom, Dr. Faghahati,Dr. Jacquin,,,Dr. Barbier,Dr. Delaval,,,,,,,,,,,,,,
mercredi,04/06/2025,Dr. Augoyard,Dr. Valentin,Dr. Kimakhe,,,,,,,,Dr. Duquesne,Dr. Durand,,,,Dr. Afathi,Dr. Sayac,Dr. Deygat,,,,,,,,,,,,,,,,,,Dr. Rochepeau,Dr. Gineys,,,,,,,,,
jeudi,05/06/2025,Dr. Mukish,Dr. Badet,Dr. Bordier,,,,,,,,,,,,,Dr. Bissuel,Dr. Tetard,,,,,,,,,,,,,,Dr. Barbier,Dr. Laurendon,,,,,,,,,Dr. Dumas,Dr. Reskallah,,,,
vendredi,06/06/2025,,,,,,,,,,,Dr. Augoyard,,,,,Dr. Meusnier,Dr. Ninou,Dr. Erhard,,,,,,,,,,,,,,,,,,Dr. Bernier,Dr. Houssami,,,,Dr. Leturc,Dr. Jouan,,Dr. Han,,
samedi,07/06/2025,,,,,,,,,,,,,,,,,,,,,,,,,,,,,,,,,,,,,,,,,,,,,,
dimanche,08/06/2025,,,,,,,,,,,,,,,,,,,,,,,,,,,,,,,,,,,,,,,,,,,,,,
lundi,09/06/2025,,,,,,,,,,,,,,,,,,,,,,,,,,,,,,,,,,,,,,,,,,,,,,
mardi,10/06/2025,Dr. Mestrallet,Dr. Houssami,Dr. Barbier,,,,,,,,,,,,,Dr. Afathi,Dr. Authom, Dr. Faghahati,Dr.Barba,,,,,,,,,,,,,,,,,Dr. Dumas,Dr. El Alami,,,,Dr. Bissuel,Dr. D'Ingrado,Dr. Delaval,,,
mercredi,11/06/2025,,,,,,Dr. Vallese,Dr. Delaval,Dr. Valentin,Dr. Gauthier,,Dr. Rochepeau,Dr. Fortoul,,,,Dr. Duquesne,Dr. Gineys,Dr. Durand,,,Dr. Augoyard,Dr. Jacquin,,,,,,,,,,,,,,,,,,,,,,,,
jeudi,12/06/2025,,,,,,,,,,,,,,,,,,,,,,,,,,Dr. Barbier,Dr. Laurendon,,,,,,,,,Dr. Tracogna,Dr. Fortoul,,,,Dr. Tetard,Dr. Mukish,,,,
vendredi,13/06/2025,,,,,,Dr. Leturc,Dr. Bouthenet,Dr. Milon,Dr. Han,,,,,,,Dr. Delmotte,Dr. Picot,Dr. Bayol,Dr. Augoyard,,,,,,,,,,,,,,,,,Dr. Tracogna,,,,,Dr. Devillier,Dr. André,Dr. Grosclaude,,,
samedi,14/06/2025,,,,,,,,,,,,,,,,,,,,,,,,,,,,,,,,,,,,,,,,,,,,,,
dimanche,15/06/2025,,,,,,,,,,,,,,,,,,,,,,,,,,,,,,,,,,,,,,,,,,,,,,
lundi,16/06/2025,Dr. Charleux,Dr. El Alami,,,,,,,,,,,,,,Dr. Marthelot,Dr. Durand,,,,,,,,,Dr. Favreul,Dr. Lebret,,,,,,,,,Dr. Valentin,Dr. Sigaux,,,,,,,,,
mardi,17/06/2025,,,,,,Dr. Barbier,Dr. Delaval,,,,Dr. Authom,,,,,,,,,,,,,,,,,,,,Dr. Vallese,,,,,Dr. Vasseneix,Dr. Kheliouen,,,,,,,,,
mercredi,18/06/2025,Dr. Duquesne,,,,,Dr. Augoyard,Dr. Rochepeau,Dr. Marthelot,,,,Dr. Kimakhe,Dr. Afathi,,,,,,,,,,,,,,,,,,,,,,,,,Dr. Sayac,,,,,,,,
jeudi,19/06/2025,,,,,,,,,,,Dr. Tetard,Dr. Bissuel,,,,Dr. Laurendon,Dr. Nove Josserand,,,,Dr. Mukish,Dr. Bordier,,,,,,,,,Dr. Dumas,Dr. Reskallah,,,,,,,,,,,,,,
vendredi,20/06/2025,,,,,,,,,,,,,,,,Dr. Bouthenet,Dr. Grosclaude,Dr. Meusnier,,,Dr. Bernier,Dr. Kheliouen,,,,Dr. Ninou,Dr. Erhard,Dr. Milon,Dr. Jaby,Dr. Sayac,,,,,,,,,,,,,,,,
samedi,21/06/2025,,,,,,,,,,,,,,,,,,,,,,,,,,,,,,,,,,,,,,,,,,,,,,
dimanche,22/06/2025,,,,,,,,,,,,,,,,,,,,,,,,,,,,,,,,,,,,,,,,,,,,,,
lundi,23/06/2025,Dr. Charleux,Dr. Guillaud,,,,,,,,,,,,,,Dr. Afathi,Dr. Meusnier,,,,Dr. Augoyard,Dr. Authom,Dr. Le Diagon,,,,,,,,,,,,,,,,,,,Dr. Durand,,,,
mardi,24/06/2025,,,,,,,,,,,Dr. Afathi,Dr.Barba,Dr. Mestrallet,,,Dr. Leturc,Dr. Houssami,Dr. Barbier,,,,,,,,Dr. El Alami,,,,,,,,,,,,,,,Dr. Bissuel,Dr. D'Ingrado,Dr. Delaval,,,
mercredi,25/06/2025,,,,,,,,,,,Dr. Duquesne,Dr. Gineys,Dr. Durand,,,,,,,,Dr. Vallese,Dr. Delaval,Dr. Valentin,Dr. Gauthier,,,,,,,Dr. Rochepeau,Dr. Fortoul,,,,Dr. Augoyard,,,,,,,,,,
jeudi,26/06/2025,,,,,,Dr. Laurendon,,,,,Dr. Tetard,,,,,,,,,,,,,,,,,,,,,,,,,Dr. Tracogna,Dr. Fortoul,,,,Dr. Bissuel,,,,,
vendredi,27/06/2025,,,,,,Dr. Tracogna,Dr. Fortoul,,,,,,,,,Dr. Delmotte,Dr. Meusnier,,,,Dr. Leturc,,Dr. Bouthenet,Dr. Picot,Dr. Sayac,Dr. Augoyard,Dr. Devillier,Dr. Bayol,,,,,,,,,,,,,,,,,,
samedi,28/06/2025,,,,,,,,,,,,,,,,,,,,,,,,,,,,,,,,,,,,,,,,,,,,,,
dimanche,29/06/2025,,,,,,,,,,,,,,,,,,,,,,,,,,,,,,,,,,,,,,,,,,,,,,
lundi,30/06/2025,,,,,,,,,,,Dr. El Alami,Dr. Kheliouen,,,,Dr. Vasseneix,Dr. Marthelot,Dr. Durand,,,,,,,,,,,,,Dr. Favreul,Dr. Valentin,Dr. Mestrallet,,,,,,,,,,,,,
mardi,01/07/2025,Dr. Barbier,Dr. Delaval,,,,,,,,,,,,,,,,,,,,,,,,Dr. Vallese,Dr. Meusnier,,,,,,,,,Dr. Hullo,Dr. Kheliouen,,,,Dr. Authom,Dr. D'Ingrado,Dr. Jacquin,,,
mercredi,02/07/2025,,,,,,Dr. Augoyard,Dr. Valentin,Dr. Kimakhe,,,,,,,,Dr. Rochepeau,Dr. Durand,Dr. Sigaux,,,,,,,,,,,,,Dr. Duquesne,,,,,,,,,,Dr. Afathi,Dr. Sayac, Dr. Faghahati,,,
jeudi,03/07/2025,Dr. Mukish,Dr. Boujnah,,,,Dr. Tetard,Dr. Bissuel,,,,,,,,,,,,,,,,,,,,,,,,,,,,,Dr. Badet,Dr. Bordier,,,,Dr. Dumas,Dr. Reskallah,Dr. Corniglion,,,
vendredi,04/07/2025,Dr. Grosclaude,,Dr. Han,,,Dr. Bernier,,,,,,,,,,,,,,,,,,,,,,,,,Dr. Augoyard,Dr. Leturc,Dr. Jouan,,,Dr. Ninou,Dr. Erhard,,,,,,,,,
samedi,05/07/2025,,,,,,,,,,,,,,,,,,,,,,,,,,,,,,,,,,,,,,,,,,,,,,
dimanche,06/07/2025,,,,,,,,,,,,,,,,,,,,,,,,,,,,,,,,,,,,,,,,,,,,,,
lundi,07/07/2025,Dr. Afathi,Dr. Tetard,,Dr. Le Diagon,,,,,,,,,,,,,,,,,Dr. Sigaux,Dr. Leturc,Dr. Han,,,Dr. Charleux,Dr. Guillaud,,,,,,,,,,,,,,Dr. Durand,,,,,
mardi,08/07/2025,Dr. Vasseneix,Dr. Houssami,Dr. Barbier,,,Dr. Afathi,Dr. Authom,Dr. Mestrallet,Dr.Barba,,,,,,,,,,,,,,,,,,,,,,,,,,,Dr. El Alami,,,,,Dr. Bissuel,Dr. D'Ingrado,Dr. Delaval,,,
mercredi,09/07/2025,,,,,,,,,,,,,,,,,,,,,Dr. Augoyard,Dr. Delaval,,,,Dr. Vallese,Dr. Valentin,,,,Dr. Duquesne,,Dr. Durand,,,Dr. Rochepeau,Dr. Fortoul,,,,,,,,,
jeudi,10/07/2025,Dr. Tetard,Dr. Fortoul,,,,Dr. Laurendon,Dr. Barbier,,,,,,,,,,,,,,,,,,,,,,,,,Dr. Nove Josserand,,,,,,,,,,,,,,
vendredi,11/07/2025,Dr. André,Dr. Meusnier,,,,Dr. Picot,Dr. Augoyard,Dr. Bouthenet,Dr. Delaval,,,,,,,,,,,,Dr. Leturc,,,Dr. Han,,,,,,,,,,,,,,,,,,,,,,
samedi,12/07/2025,,,,,,,,,,,,,,,,,,,,,,,,,,,,,,,,,,,,,,,,,,,,,,
dimanche,13/07/2025,,,,,,,,,,,,,,,,,,,,,,,,,,,,,,,,,,,,,,,,,,,,,,
lundi,14/07/2025,,,,,,,,,,,,,,,,,,,,,,,,,,,,,,,,,,,,,,,,,,,,,,
mardi,15/07/2025,Dr. Vallese,Dr. Meusnier,,,,Dr. Vasseneix,Dr. Kheliouen,,,,,,,,,,,,,,Dr. Authom,,Dr. Jacquin,,,Dr. Barbier,Dr. Delaval,,,,,,,,,,,,,,,,,,,
mercredi,16/07/2025,,,,,,,,,,,Dr. Durand,Dr. Duquesne,,,,Dr. Valentin,Dr. Augoyard,Dr. Kimakhe,,,Dr. Rochepeau,Dr. Marthelot,Dr. Delaval,,,,,,,,,,,,,Dr. Afathi,,,,,,,,,,
jeudi,17/07/2025,,,,,,,,,,,,,,,,Dr. Mukish,Dr. Favreul,Dr. Bordier,,,Dr. Dumas,Dr. Reskallah,Dr. Laurendon,,,,,,,,,,,,,,Dr. El Alami,,,,Dr. Tetard,Dr. Bissuel,,,,
vendredi,18/07/2025,,,,,,,,,,,,,,,,Dr. Bernier,Dr. Kheliouen,,,,,,,,,,,,,,Dr. Grosclaude,Dr. Jouan,Dr. Meusnier,,,,Dr. Leturc,Dr. Ninou,,,,Dr. Han,Dr. Bouthenet,,,
samedi,19/07/2025,,,,,,,,,,,,,,,,,,,,,,,,,,,,,,,,,,,,,,,,,,,,,,
dimanche,20/07/2025,,,,,,,,,,,,,,,,,,,,,,,,,,,,,,,,,,,,,,,,,,,,,,
lundi,21/07/2025,,,,,,,,,,,,,,,,,Dr. Durand,Dr. Jouan,,,,,,,,Dr. Afathi,Dr. Tetard,Dr. Authom,Dr. Le Diagon,,,Dr. Lebret,Dr. Guillaud,,,,Dr. Sigaux,,,,,,,,,
mardi,22/07/2025,Dr. Afathi,Dr. Authom,Dr. Mestrallet,Dr.Barba,,,,,,,Dr. Bissuel,,Dr. Delaval,,,,,,,,,,,,,Dr. Vasseneix,Dr. El Alami,,,,Dr. Leturc,Dr. Houssami,Dr. Barbier,,,,,,,,,,,,,
mercredi,23/07/2025,Dr. Rochepeau,,,,,,,,,,Dr. Han,Dr. Delaval,Dr. Valentin,Dr. Gauthier,,,,,,,,,,,,Dr. Duquesne,Dr. Jaby,Dr. Durand,,,,,,,,,,,,, Dr. Faghahati,,,,,
jeudi,24/07/2025,,,,,,,,,,,,,,,,Dr. Tetard,,,,,,,,,,,,,,,Dr. Bissuel,,,,,Dr. Tracogna,,,,,Dr. Barbier,Dr. Laurendon,,,,
vendredi,25/07/2025,,,,,,,,,,,,,,,,Dr. Leturc,Dr. Deygat,Dr. Bouthenet,,,,,,,,,,,,,,,,,,Dr. Devillier,Dr. Meusnier,Dr. Jaby,,,Dr. Delmotte,Dr. Augoyard,,,,
samedi,26/07/2025,,,,,,,,,,,,,,,,,,,,,,,,,,,,,,,,,,,,,,,,,,,,,,
dimanche,27/07/2025,,,,,,,,,,,,,,,,,,,,,,,,,,,,,,,,,,,,,,,,,,,,,,
lundi,28/07/2025,,,,,,,,,,,Dr. Favreul,Dr. Valentin,Dr. Sigaux,,,,,,,,,,,,,,,,,,,,,,,,,,,,,Dr. El Alami,,,,
mardi,29/07/2025,,,,,,,,,,,Dr. Mestrallet, Dr. Faghahati,,,,Dr. Authom,Dr. D'Ingrado,Dr. Jacquin,,,,,,,,,,,,,Dr. Hullo,Dr. Kheliouen,,,,,,,,,,,,,,
mercredi,30/07/2025,,,,,,,,,,,Dr. Rochepeau,,,,,Dr. Afathi,Dr. Sayac,Dr. Jaby,,,,,,,,,,,,,Dr. Augoyard,Dr. Valentin,Dr. Kimakhe,,,,,,,,,,,,,
jeudi,31/07/2025,,,,,,,,,,,,,,,,Dr. Laurendon,,,,,,,,,,,,,,,,,,,,Dr. Boujnah,,,,,Dr. Tetard,Dr. Dumas,,,,
vendredi,01/08/2025,,,,,,,,,,,,,,,,,,,,,,,,,,,,,,,Dr. Erhard,Dr. Picot,,,,,,,,,,,,,,
samedi,02/08/2025,,,,,,,,,,,,,,,,,,,,,,,,,,,,,,,,,,,,,,,,,,,,,,
dimanche,03/08/2025,,,,,,,,,,,,,,,,,,,,,,,,,,,,,,,,,,,,,,,,,,,,,,
lundi,04/08/2025,,,,,,,,,,,,,,,,,,,,,,,,,,,,,,,,,,,,,,,,,,,,,,
mardi,05/08/2025,,,,,,,,,,,,,,,,,,,,,,,,,,,,,,,,,,,,,,,,,,,,,,
mercredi,06/08/2025,,,,,,,,,,,,,,,,,,,,,,,,,,,,,,,,,,,,,,,,,,,,,,
jeudi,07/08/2025,,,,,,,,,,,,,,,,,,,,,,,,,,,,,,,,,,,,,,,,,,,,,,
vendredi,08/08/2025,,,,,,,,,,,,,,,,,,,,,,,,,,,,,,,,,,,,,,,,,,,,,,
samedi,09/08/2025,,,,,,,,,,,,,,,,,,,,,,,,,,,,,,,,,,,,,,,,,,,,,,
dimanche,10/08/2025,,,,,,,,,,,,,,,,,,,,,,,,,,,,,,,,,,,,,,,,,,,,,,
lundi,11/08/2025,,,,,,,,,,,,,,,,,,,,,,,,,,,,,,,,,,,,,,,,,,,,,,
mardi,12/08/2025,,,,,,,,,,,,,,,,,,,,,,,,,,,,,,,,,,,,,,,,,,,,,,
mercredi,13/08/2025,,,,,,,,,,,,,,,,,,,,,,,,,,,,,,,,,,,,,,,,,,,,,,
jeudi,14/08/2025,,,,,,,,,,,,,,,,,,,,,,,,,,,,,,,,,,,,,,,,,,,,,,
vendredi,15/08/2025,,,,,,,,,,,,,,,,,,,,,,,,,,,,,,,,,,,,,,,,,,,,,,
samedi,16/08/2025,,,,,,,,,,,,,,,,,,,,,,,,,,,,,,,,,,,,,,,,,,,,,,
dimanche,17/08/2025,,,,,,,,,,,,,,,,,,,,,,,,,,,,,,,,,,,,,,,,,,,,,,
lundi,18/08/2025,,,,,,,,,,,,,,,,,,,,,,,,,,,,,,,,,,,,,,,,,,,,,,
mardi,19/08/2025,,,,,,,,,,,,,,,,,,,,,,,,,,,,,,,,,,,,,,,,,,,,,,
mercredi,20/08/2025,,,,,,,,,,,,,,,,,,,,,,,,,,,,,,,,,,,,,,,,,,,,,,
jeudi,21/08/2025,,,,,,,,,,,,,,,,,,,,,,,,,,,,,,,,,,,,,,,,,,,,,,
vendredi,22/08/2025,,,,,,,,,,,,,,,,,,,,,,,,,,,,,,,,,,,,,,,,,,,,,,
samedi,23/08/2025,,,,,,,,,,,,,,,,,,,,,,,,,,,,,,,,,,,,,,,,,,,,,,
dimanche,24/08/2025,,,,,,,,,,,,,,,,,,,,,,,,,,,,,,,,,,,,,,,,,,,,,,
lundi,25/08/2025,,,,,,,,,,,,,,,,Dr. Bissuel, Dr. Faghahati,,,,Dr. Marthelot,,,,,,,,,,,,,,,Dr. Vasseneix,Dr. Kimakhe,,,,,,,,,
mardi,26/08/2025,Dr. Barbier,Dr. Delaval,,,,,,,,,,,,,,,,,,,Dr. Meusnier,,,,,Dr. Hullo,Dr. Kheliouen,Dr. Leturc,,,,,,,,Dr. Authom,,,,,,,,,,
mercredi,27/08/2025,Dr. Rochepeau,Dr. Kimakhe,,,,Dr. Afathi,Dr. Sayac,Dr. Gauthier,,,,,,,,,,,,,,,,,,,,,,,,,,,,,,,,,Dr. Durand,,,,,
jeudi,28/08/2025,Dr. Tetard,Dr. Leturc,,,,,,,,,,,,,,,,,,,,,,,,,,,,,,,,,,Dr. Boujnah,Dr. Laurendon,,,,Dr. Bissuel,,Dr. Reskallah,,,
vendredi,29/08/2025,,,,,,Dr. Ninou,Dr. Meusnier,,,,,,,,,Dr. Grosclaude,,,,,Dr. Bernier,,,,,,,,,,,,,,,,,,,,Dr. Leturc,Dr. Jouan,Dr. Milon,Dr. Han,,
samedi,30/08/2025,,,,,,,,,,,,,,,,,,,,,,,,,,,,,,,,,,,,,,,,,,,,,,
dimanche,31/08/2025,,,,,,,,,,,,,,,,,,,,,,,,,,,,,,,,,,,,,,,,,,,,,,
lundi,01/09/2025,,,,,,Dr. Afathi,Dr. Tetard,Dr. Authom,Dr. Le Diagon,,,,,,,Dr. Duquesne,Dr. Durand,,,,Dr. Augoyard,,,,,,,,,,,,,,,Dr. Guillaud,,,,,,,,,,
mardi,02/09/2025,,,,,,Dr. Mestrallet,Dr. Barbier,Dr. Houssami,,,Dr. Afathi,Dr. Authom,Dr.Barba,Dr. D'Ingrado,,Dr. Vasseneix,Dr. El Alami,,,,,,,,,Dr. Bissuel,,Dr. Delaval,,,,,,,,,,,,,,,,,,
mercredi,03/09/2025,Dr. Vallese,Dr. Delaval,Dr. Rochepeau,Dr. Fortoul,,,,,,,,,,,,,,,,,,,,,,Dr. Duquesne,Dr. Durand,Dr. Gineys,,,,,,,,Dr. Gauthier,Dr. Valentin,,,,,,,,,
jeudi,04/09/2025,,,,,,,,,,,Dr. Barbier,Dr. Laurendon,,,,,,,,,,,,,,,,,,,Dr. Tetard,Dr. Mukish,,,,Dr. Fortoul,Dr. Tracogna,,,,Dr. Bissuel,Dr. Nove Josserand,,,,
vendredi,05/09/2025,,,,,,,,,,,,,,,,Dr. Devillier,Dr. André,Dr. Meusnier,,,Dr. Tracogna,,,,,,,,,,Dr. Leturc,Dr. Han,Dr. Milon,,Dr. Picot,,,,,,Dr. Delmotte,Dr. Bouthenet,Dr. Augoyard,Dr. Bayol,,
samedi,06/09/2025,,,,,,,,,,,,,,,,,,,,,,,,,,,,,,,,,,,,,,,,,,,,,,
dimanche,07/09/2025,,,,,,,,,,,,,,,,,,,,,,,,,,,,,,,,,,,,,,,,,,,,,,
lundi,08/09/2025,Dr. Marthelot,Dr. Durand,Dr. Houssami,,,,,,,,,,,,,,,,,,,,,,,Dr. Favreul,Dr. Lebret,,,,,,,,,Dr. El Alami,,,,,Dr. Bayol,Dr. Sigaux,,,,
mardi,09/09/2025,Dr. Vasseneix,Dr. Meusnier,Dr. Kheliouen,,,Dr. Barbier,Dr. Delaval,,,,,,,,,,,,,,,,,,,,,,,,,,,,,Dr. Vallese,,,,,Dr. Authom,Dr. D'Ingrado,,,,
mercredi,10/09/2025,Dr. Afathi,Dr. Valentin,Dr. Kimakhe,,,,,,,,Dr. Duquesne,Dr. Durand,,,,Dr. Augoyard,Dr. Sayac,Dr. Collotte,,,,,,,,,,,,,,,,,,Dr. Rochepeau,Dr. Fortoul,,,,,,,,,
jeudi,11/09/2025,,,,,,Dr. Bordier,Dr. Bissuel,,,,Dr. Boujnah,Dr.Bouz,,,,Dr. Tetard,Dr. Mukish,,,,,,,,,,,,,,Dr. Laurendon,Dr. Dumas,Dr. Reskallah,,,,,,,,,,,,,
vendredi,12/09/2025,,,,,,Dr. Leturc,Dr. Bouthenet,,Dr. Han,,,,,,,Dr. Bernier,Dr. Kheliouen,,,,,,,,,,,,,,Dr. Augoyard,Dr. Ninou,Dr. Erhard,,,,,,,,Dr. Meusnier,Dr. Grosclaude,,Dr. Jouan,,
samedi,13/09/2025,,,,,,,,,,,,,,,,,,,,,,,,,,,,,,,,,,,,,,,,,,,,,,
dimanche,14/09/2025,,,,,,,,,,,,,,,,,,,,,,,,,,,,,,,,,,,,,,,,,,,,,,
lundi,15/09/2025,Dr. Duquesne,Dr. Durand,,,,,,,,,,,,,,,,,,,Dr. Charleux,Dr. Guillaud,,,,,,,,,Dr. Afathi,Dr. Tetard,,,Dr. Meusnier,,,,,,Dr. Augoyard,Dr. Authom,Dr. Le Diagon,,,
mardi,16/09/2025,,,,,,Dr. Bissuel,Dr. D'Ingrado,Dr. Delaval,,,,Dr. Houssami,Dr. Barbier,,,,,,,,,,,,,,,,,,Dr. Afathi,Dr. Authom,Dr. Mestrallet,Dr.Barba,,Dr. Vasseneix,Dr. El Alami,,,,,,,,,
mercredi,17/09/2025,,,,,,,,,,,,,,,,Dr. Augoyard,Dr. Favreul,,,,Dr. Rochepeau,Dr. Fortoul,Dr. Valentin,Dr. Gauthier,,,,,,,,,,,,Dr. Vallese,Dr. Delaval,,,,Dr. Duquesne,Dr. Durand,Dr. Gineys,,,
jeudi,18/09/2025,,,,,,,,,,,Dr. Barbier,Dr. Laurendon,,,,Dr. Bissuel,Dr. Badet, Dr. Faghahati,,,,,,,,,,,,,,,,,,Dr. Tracogna,Dr. Fortoul,,,,Dr. Tetard,Dr. Nove Josserand,,,,
vendredi,19/09/2025,Dr. Devillier,Dr. Bayol,Dr. Meusnier,,,Dr. Tracogna,,,,,,,,,,,,,,,,Dr. Augoyard,,,,Dr. Leturc,Dr. Deygat,Dr. Picot,,Dr. Bouthenet,,,,,,,,,,,,,,,,
samedi,20/09/2025,,,,,,,,,,,,,,,,,,,,,,,,,,,,,,,,,,,,,,,,,,,,,,
dimanche,21/09/2025,,,,,,,,,,,,,,,,,,,,,,,,,,,,,,,,,,,,,,,,,,,,,,
lundi,22/09/2025,,,,,,Dr. Marthelot,Dr. Durand,Dr. Houssami,,,,,,,,,,,,,Dr. Favreul,,Dr. Sigaux,,,,,,,,Dr. Vasseneix,Dr. El Alami,,,,,,,,,Dr. Augoyard,Dr. Bissuel,,,,
mardi,23/09/2025,,,,,,,,,,,Dr. Authom,Dr. D'Ingrado,,,,Dr. Hullo,Dr. Kheliouen,,,,,,,,,Dr. Vallese,Dr. Meusnier,,,,,,,,,,,,,,Dr. Barbier,Dr. Delaval,,,,
mercredi,24/09/2025,,,,,,,Dr. Afathi,Dr. Augoyard,,,Dr. Valentin,Dr. Sayac,Dr. Kimakhe,Dr. Deygat,,,,,,,Dr. Duquesne,Dr. Durand,,,,,,,,,,,,,,Dr. Rochepeau,Dr. Gineys,,,,,,,,,
jeudi,25/09/2025,,,,,,,,,,,Dr. Bissuel,Dr. Bordier,Dr. Jouan,,,Dr. Boujnah,Dr.Bouz,,,,,,,,,,,,,,Dr. Tetard,Dr. Mukish,,,,Dr. Dumas,Dr. Reskallah,Dr. Laurendon,,,,,,,,
vendredi,26/09/2025,,,,,,Dr. Meusnier,,Dr. Erhard,,,,,,,,Dr. Augoyard,Dr. Grosclaude,,,,Dr. Leturc,Dr. Jaby,,Dr. Han,Dr. Milon,,,,,,,,,,,Dr. Bernier,,,,,,,,,,
samedi,27/09/2025,,,,,,,,,,,,,,,,,,,,,,,,,,,,,,,,,,,,,,,,,,,,,,
dimanche,28/09/2025,,,,,,,,,,,,,,,,,,,,,,,,,,,,,,,,,,,,,,,,,,,,,,
lundi,29/09/2025,,,,,,,,,,,,,,,,Dr. Bordier,Dr. Le Diagon,Dr. Authom,,,,,,,,,,,,,Dr. Duquesne,Dr. Hullo,Dr. Durand,,,,,Dr. Afathi,Dr. Tetard,,Dr. Charleux,Dr. Guillaud,,,,
mardi,30/09/2025,,,,,,,,,,,Dr. Bissuel,,Dr. Delaval,,,Dr. Afathi,Dr. Authom,Dr. D'Ingrado,Dr.Barba,,,,,,,,,,,,,,,,,Dr. Vasseneix,Dr. El Alami,,,,Dr. Houssami,Dr. Barbier,Dr. Mestrallet,,,
mercredi,01/10/2025,Dr. Rochepeau,Dr. Fortoul,,,,Dr. Favreul,Dr. Vallese,Dr. Gauthier,,,,,,,,Dr. Duquesne,Dr. Gineys,Dr. Durand,,,,,,,,Dr. Augoyard,Dr. Valentin,Dr. Delaval,,,,,,,,,,,,,,,,,,
jeudi,02/10/2025,,,,,,,,,,,Dr. Bissuel,Dr. Nove Josserand,,,,,,,,,Dr. Barbier,Dr. Laurendon,,,,Dr. Tracogna,Dr. Fortoul,,,,Dr. Tetard,Dr. Mukish,,,,,,,,,,,,,,
vendredi,03/10/2025,,,,,,,,,,,,,,,,Dr. Tracogna,,,,,,,,,,Dr. Leturc,Dr. Bouthenet,,Dr. Han,Dr. Sayac,Dr. Devillier,Dr. Meusnier,,,,Dr. Delmotte,Dr. Bayol,Dr. Augoyard,Dr. Jouan,,,,,,,
samedi,04/10/2025,,,,,,,,,,,,,,,,,,,,,,,,,,,,,,,,,,,,,,,,,,,,,,
dimanche,05/10/2025,,,,,,,,,,,,,,,,,,,,,,,,,,,,,,,,,,,,,,,,,,,,,,
lundi,06/10/2025,,,,,,Dr. Favreul,Dr. Lebret,,,,,,,,,Dr. Houssami,Dr. Marthelot,Dr. Durand,,,,,,,,Dr. Valentin,Dr. Sigaux,Dr. Bissuel,,,Dr. Charleux,Dr. El Alami,,,,,,,,,,,,,,
mardi,07/10/2025,Dr. Gunst,Dr. Authom,Dr. D'Ingrado,,,,,,,,,,,,,,,,,,Dr. Vasseneix,Dr. Kheliouen,,,,,,,,,,,,,,Dr. Barbier,Dr. Delaval,,,,Dr. Vallese, Dr. Faghahati,,,,
mercredi,08/10/2025,,,,,,Dr. Rochepeau,Dr. Marthelot,,,,Dr. Augoyard,Dr. Valentin,Dr. Kimakhe,,,Dr. Duquesne,Dr. Durand,,,,,,,,,,,,,,,,,,,Dr. Afathi,Dr. Sayac,,,,,,,,,
jeudi,09/10/2025,Dr. Dumas,Dr. Reskallah,Dr. Laurendon,,,,,,,,Dr. Boujnah,,,,,,,,,,Dr. Tetard,Dr. Mukish,,,,Dr. Bissuel,Dr. Barbier,,,,,,,,,,,,,,,,,,,
vendredi,10/10/2025,Dr. Grosclaude,Dr. Meusnier,,,,Dr. Leturc,Dr. Picot,,,,,,,,,Dr. Augoyard,Dr. Ninou,Dr. Erhard,,,,,,,,,,,,,,,,,,Dr. Bernier,Dr. Kheliouen,,,,,,,,,
samedi,11/10/2025,,,,,,,,,,,,,,,,,,,,,,,,,,,,,,,,,,,,,,,,,,,,,,
dimanche,12/10/2025,,,,,,,,,,,,,,,,,,,,,,,,,,,,,,,,,,,,,,,,,,,,,,
lundi,13/10/2025,,,,,,Dr. Charleux,Dr. Guillaud,,,,Dr. Augoyard,Dr. Authom,Dr. Le Diagon,,,,,,,,,,,,,,,,,,Dr. Duquesne,Dr. Durand,,,,Dr. Afathi,Dr. Tetard,Dr. Meusnier,,,,,,,,
mardi,14/10/2025,,,,,,Dr. Afathi,Dr. Authom,Dr. Mestrallet,Dr. Barba,,,,,,,,,,,,Dr. Vasseneix,Dr. Houssami,,,,,,,,,Dr. D'Ingrado,Dr. El Alami,Dr. Barbier,,,Dr. Bissuel,Dr. Delaval,,,,,,,,,
mercredi,15/10/2025,Dr. Augoyard,Dr. Valentin,Dr. Delaval,,,,,,,,Dr. Duquesne,Dr. Gineys,Dr. Durand,,,,,,,,,,,,,Dr. Vallese,Dr. Gauthier,,,,,,,,,Dr. Rochepeau,Dr. Fortoul,,,,,,,,,
jeudi,16/10/2025,,,,,,,,,,,,,,,,Dr. Barbier,Dr. Laurendon,,,,Dr. Bissuel,Dr. Jouan,Dr. Picot,,,Dr. Tetard,Dr. Nove Josserand,,,,,,,,,,,,,,Dr. Tracogna,Dr. Fortoul,,,,
vendredi,17/10/2025,,,,,,Dr. Leturc,Dr. Jaby,Dr. Bouthenet,Dr. Milon,Dr. Sayac,,,,,,Dr. Meusnier,Dr. Devillier,Dr. Bayol,,,,,,,,Dr. Tracogna,,,,,,,,,,,,,,,Dr. Augoyard,Dr. Delmotte,,,,
samedi,18/10/2025,,,,,,,,,,,,,,,,,,,,,,,,,,,,,,,,,,,,,,,,,,,,,,
dimanche,19/10/2025,,,,,,,,,,,,,,,,,,,,,,,,,,,,,,,,,,,,,,,,,,,,,,
lundi,20/10/2025,,,,,,,,,,,,,,,,Dr. Marthelot,Dr. Durand,Dr. Faghahati,,,,Dr. El Alami,,,,,,,,,Dr. Deygat,Dr. Sigaux,Dr. Leturc,Dr. Mestrallet,,Dr. Bissuel,Dr. Picot,Dr. Jouan,,,,,,,,
mardi,21/10/2025,,,,,,Dr. Houssami,Dr. Kheliouen,,,,,,,,,,,,,,,,,,,,,,,,Dr. Authom,Dr. D'Ingrado,Dr. Gunst,,,Dr. Vallese,Dr. Meusnier,,,,Dr. Barbier,Dr. Delaval,,,,
mercredi,22/10/2025,,Dr. Sayac,Dr. Sigaux,,,Dr. Augoyard,Dr. Valentin,Dr. Bouthenet,,,,,,,,Dr. Duquesne,Dr. Durand,,,,,,,,,,,,,,,,,,,Dr. Rochepeau,Dr. Gineys,,,,,,,,,
jeudi,23/10/2025,,Dr. Bissuel,,,,,,,,,,,,,,,,,,,Dr. Dumas,Dr. Kimakhe,Dr. Laurendon,,,,,,,,Dr. Mukish,Dr. Bordier,Dr. Badet,,,Dr. Boujnah,Dr. Barbier,,,,,,,,,
vendredi,24/10/2025,Dr. Leturc,Dr. Han,Dr. Milon,Dr. Jouan,Dr. Sayac,Dr. Augoyard,Dr. Grosclaude,,,,,,,,,Dr. Bernier,,,,,,,,,,,,,,,,,,,,,,,,,Dr. Meusnier,Dr. Ninou,Dr. Erhard,,,
samedi,25/10/2025,,,,,,,,,,,,,,,,,,,,,,,,,,,,,,,,,,,,,,,,,,,,,,
dimanche,26/10/2025,,,,,,,,,,,,,,,,,,,,,,,,,,,,,,,,,,,,,,,,,,,,,,
lundi,27/10/2025,Dr. Bouthenet,Dr. Augoyard,Dr. Han,,,Dr. Sigaux,Dr. Durand,,,,Dr. Charleux,Dr. Guillaud,,,,Dr. Afathi,Dr. Authom,Dr. Le Diagon,,,,,,,,,,,,,,,,,,,,,,,,,,,,
mardi,28/10/2025,Dr. Barbier,Dr. Kimakhe,Dr. Leturc,,,Dr. Mestrallet,Dr. Afathi,Dr. Authom,,,Dr. Vasseneix,Dr. El Alami,,,,Dr. Bissuel,Dr. Corniglion,,,,,,,,,,,,,,,,,,,,,,,,,,,,,
mercredi,29/10/2025,,Dr. Deygat,Dr. Fortoul,,,,,,,,Dr. Durand,Dr. Gineys,,,,Dr. Valentin,Dr. Han,,,,,,,,,Dr. Vallese,Dr. Gauthier,Dr. Favreul,,,,,,,,,,,,,,,,,,
jeudi,30/10/2025,Dr. Jaby,Dr. Nove Josserand,,,,,,,,,Dr. Bissuel,Dr. Tetard,,,,,,,,,,,,,,Dr. Tracogna,Dr. Fortoul,,,,,,,,,,,,,,,,,,,
vendredi,31/10/2025,Dr. Leturc,Dr. Bouthenet,Dr. Han,,,Dr. Delmotte,,Dr. Picot,,,,,,,,Dr. Tracogna,,,,,,,,,,,Dr. André,Dr. Meusnier,,,,,,,,,,,,,,,,,,
samedi,01/11/2025,,,,,,,,,,,,,,,,,,,,,,,,,,,,,,,,,,,,,,,,,,,,,,
dimanche,02/11/2025,,,,,,,,,,,,,,,,,,,,,,,,,,,,,,,,,,,,,,,,,,,,,,
lundi,03/11/2025,,,,,,Dr. Marthelot,Dr. Durand,,,,,,,,,,,,,,,,,,,,,,,,Dr. Valentin,Dr. Sigaux,,,,Dr. Charleux,Dr. El Alami,,,,Dr. Favreul,Dr. Lebret,,,,
mardi,04/11/2025,,,,,,Dr. Authom,Dr. Vasseneix,Dr. Kheliouen,,,Dr. D'Ingrado,Dr. Gunst,,,,Dr. Vallese,Dr. Meusnier,,,,Dr. Barbier,Dr. Delaval,,,,,,,,,,,,,,,,,,,,,,,,
mercredi,05/11/2025,,,,,,,,,,,Dr. Duquesne,Dr. Durand,,,,Dr. Augoyard,Dr. Valentin,Dr. Delaval,,,,,,,,,,,,,Dr. Rochepeau,,,,,Dr. Afathi,Dr. Sayac,Dr. Deygat,,,,,,,,
jeudi,06/11/2025,,,,,,,,,,,,,,,,,,,,,Dr. Dumas,Dr. Reskallah,Dr. Laurendon,,,Dr. Boujnah,,,,,,,,,,Dr. Bordier,Dr. Bissuel,,,,Dr. Tetard,Dr. Mukish,,,,
vendredi,07/11/2025,,,,,,,,,,,Dr. Grosclaude,Dr. Bouthenet,Dr. Meusnier,,,,,,,,,,,,,Dr. Leturc,Dr. Jouan,Dr. Milon,Dr. Han,,Dr. Kheliouen,Dr. Ninou,Dr. Erhard,Dr. Bernier,,Dr. Augoyard,,,,,,,,,,
samedi,08/11/2025,,,,,,,,,,,,,,,,,,,,,,,,,,,,,,,,,,,,,,,,,,,,,,
dimanche,09/11/2025,,,,,,,,,,,,,,,,,,,,,,,,,,,,,,,,,,,,,,,,,,,,,,
lundi,10/11/2025,,,,,,Dr. Afathi,Dr. Tetard,Dr. Meusnier,,,,,,,,,,,,,,,,,,Dr. Duquesne,Dr. Barbier,Dr. Durand,,,,,,,,,Dr. Authom,,,,,,,,,
mardi,11/11/2025,,,,,,,,,,,,,,,,,,,,,,,,,,,,,,,,,,,,,,,,,,,,,,
mercredi,12/11/2025,,,,,,,,,,,,,,,,,,,,,Dr. Augoyard,Dr. Valentin,Dr. Delaval,Dr. Deygat,,Dr. Duquesne,,Dr. Gineys,,,Dr. Vallese,Dr. Gauthier,,,,Dr. Rochepeau,Dr. Fortoul,,,,,,,,,
jeudi,13/11/2025,Dr. Barbier,Dr. Laurendon,,,,Dr. Tracogna,Dr. Fortoul,,,,Dr. Bissuel,Dr. Nove Josserand,,,,,,,,,Dr. Tetard,Dr. Jouan,Dr. Bordier,,,,,,,,,,,,,,,,,,,,,,,
vendredi,14/11/2025,Dr. Devillier,Dr. Corniglion,Dr. Tracogna,Dr. Laurendon,,Dr. Houssami,Dr. Picot,Dr. Leturc,Dr. Bouthenet,,,,,,,,,,,,,,,,,,,,,,Dr. Delmotte,Dr. Augoyard,,,,Dr. Meusnier,,,,,,,,,,
samedi,15/11/2025,,,,,,,,,,,,,,,,,,,,,,,,,,,,,,,,,,,,,,,,,,,,,,
dimanche,16/11/2025,,,,,,,,,,,,,,,,,,,,,,,,,,,,,,,,,,,,,,,,,,,,,,
lundi,17/11/2025,,,,,,Dr. Marthelot,Dr. Durand,,,,Dr. Favreul,Dr. Valentin,Dr. Sigaux,,,,,,,,,,,,,Dr. Vasseneix,Dr. El Alami,,,,Dr. Bissuel,,,,,,,,,,,,,,,
mardi,18/11/2025,,,,,,Dr. Hullo,Dr. Kheliouen,,,,Dr. Vallese,Dr. Meusnier,,,,,,,,,Dr. Authom,Dr. D'Ingrado,,,,Dr. Faghahati,Dr. Bordier,Dr. Delaval,,,,,,,,,,,,,,,,,,
mercredi,19/11/2025,,,,,,,,,,,Dr. Duquesne,Dr. Durand,,,,Dr. Afathi,Dr. Sayac,Dr. Faghahati,,,,,,,,,,,,,,,,,,Dr. Rochepeau,Dr. Gineys,,,,Dr. Augoyard,Dr. Valentin,Dr. Delaval,,,
jeudi,20/11/2025,Dr. Boujnah,,,,,,,,,,,,,,,Dr. Durand,Dr. Mukish,,,,Dr. Dumas	Dr. Reskallah	Dr. Laurendon,,,,,,,,,,,,,,,,,,,,Dr. Bordier,Dr. Badet,Dr. Bissuel,,,
vendredi,21/11/2025,Dr. Leturc,Dr. Jouan,Dr. Milon,Dr. Han,,,,,,,,,,,,Dr. Ninou,Dr. Erhard,,,,Dr. Augoyard,Dr. Bernier,Dr. Boujnah,,,,,,,,,,,,,Dr. Grosclaude,,,,,,,,,,
samedi,22/11/2025,,,,,,,,,,,,,,,,,,,,,,,,,,,,,,,,,,,,,,,,,,,,,,
dimanche,23/11/2025,,,,,,,,,,,,,,,,,,,,,,,,,,,,,,,,,,,,,,,,,,,,,,
lundi,24/11/2025,,,,,,Dr. Guillaud,Dr. Charleux,,,,,,,,,,,,,,,,,,,Dr. Afathi,Dr. Authom,Dr. Tetard,Dr. Le Diagon,,,,,,,Dr. Augoyard,,,,,Dr. Duquesne,Dr. Durand,Dr. Sigaux,,,
mardi,25/11/2025,Dr. Mestrallet,Dr. El Alami,Dr. Barba,,,,,,,,,,,,,Dr. Bissuel,Dr. D'Ingrado,,,,,,,,,,Dr. Authom,Dr. Delaval,,,Dr. Vasseneix,Dr. Houssami,,,,,,,,,Dr. Afathi,Dr. Authom,Dr. Delaval,,,
mercredi,26/11/2025,Dr. Duquesne,Dr. Gineys,Dr. Durand,,,,,,,,Dr. Rochepeau,Dr. Fortoul,Dr. Favreul,,,Dr. Augoyard,Dr. Valentin,Dr. Delaval,,,,,,,,,,,,,,,,,,,,Dr. Vallese,Dr. Gauthier,,,,,,,
jeudi,27/11/2025,,,,,,,,,,,Dr. Bissuel,Dr. Nove Josserand,,,,Dr. Picot,Dr. Laurendon,,,,Dr. Tetard,Dr. Mukish,,,,,,,,,,,,,,Dr. Tracogna,Dr. Bouz,,,,,,,,,
vendredi,28/11/2025,,,,,,Dr. Devillier,,Dr. Meusnier,,,,,,,,,,,,,,,,,,Dr. Tracogna,,,,,Dr. Leturc,Dr. Han,Dr. Milon,Dr. Jouan,Dr. Sayac,Dr. Delmotte,Dr. Bouthenet,Dr. Augoyard,Dr. Bayol,,,,,,,
samedi,29/11/2025,,,,,,,,,,,,,,,,,,,,,,,,,,,,,,,,,,,,,,,,,,,,,,
dimanche,30/11/2025,,,,,,,,,,,,,,,,,,,,,,,,,,,,,,,,,,,,,,,,,,,,,,
lundi,01/12/2025,,,,,,Dr. Valentin,Dr. Sigaux,,,,,,,,,,,,,,,,,,,Dr. Favreul,Dr. Lebret,,,,Dr. Charleux,Dr. El Alami,,,,Dr. Marthelot,Dr. Durand,,,,,,,,,
mardi,02/12/2025,Dr. Vallese,Dr. Meusnier,,,,,,,,,Dr. Vasseneix,Dr. Kheliouen,,,,Dr. Faghahati,Dr. Delaval,,,,,,,,,,,,,,,,,,,,,,,,Dr. Authom,Dr. D'Ingrado,Dr. Gunst,,,
mercredi,03/12/2025,,,,,,Dr. Afathi,Dr. Sayac,Dr. Gauthier,,,,,,,,Dr. Duquesne,Dr. Durand,,,,,,,,,,,,,,,,,,,Dr. Rochepeau,Dr. Marthelot,,,,Dr. Augoyard,Dr. Valentin,Dr. Kimakhe,,,
jeudi,04/12/2025,Dr. Boujnah,Dr. Fortoul,,,,,,,,,Dr. Tetard,Dr. Mukish,,,,Dr. Bordier,Dr. Bissuel,,,,,,,,,Dr. Dumas,Dr. Reskallah,Dr. Sayac,,,,,,,,,,,,,,,,,,
vendredi,05/12/2025,,,,,,Dr. Milon,Dr. Han,Dr. Leturc,Dr. Bouthenet,,,,,,,,,,,,Dr. Bernier,Dr. Kheliouen,,,,,,,,,,,,,,Dr. Augoyard,Dr. Jouan,,,,Dr. Meusnier,Dr. Ninou,Dr. Erhard,,,
samedi,06/12/2025,,,,,,,,,,,,,,,,,,,,,,,,,,,,,,,,,,,,,,,,,,,,,,
dimanche,07/12/2025,,,,,,,,,,,,,,,,,,,,,,,,,,,,,,,,,,,,,,,,,,,,,,
lundi,08/12/2025,,,,,,Dr. Duquesne,Dr. Laurendon,Dr. Bordier,,,,,,,,Dr. Afathi,Dr. Authom,Dr. Tetard,Dr. Le Diagon,,,,,,,Dr. Augoyard,Dr. Meusnier,Dr. Bordier,,,,,,,,,,,,,,,,,,
mardi,09/12/2025,,,,,,Dr. Gauthier,Dr. Authom,Dr. Mestrallet,Dr. Barba,Dr. Cailleaux,Dr. Vasseneix,Dr. Houssami,,,,Dr. Bissuel,Dr. D'Ingrado,Dr. Delaval,,,,,,,,,,,,,,,,,,,,,,,Dr. Barbier,,Dr. El Alami,,,
mercredi,10/12/2025,,,,,,,,,,,Dr. Duquesne,Dr. Durand,Dr. Gineys,,,,,,,,,,,,,Dr. Vallese,Dr. Gauthier,Dr. Favreul,,,Dr. Augoyard,Dr. Valentin,Dr. Delaval,,,Dr. Rochepeau,Dr. Fortoul,,,,,,,,,
jeudi,11/12/2025,,,,,,Dr. Barbier,Dr. Laurendon,,,,,,,,,,Dr. Nove Josserand,,,,,,,,,Dr. Tracogna,Dr. Fortoul,Dr. Bouz,,,,,,,,Dr. Tetard,Dr. Badet,Dr. Jouan,,,,,,,,
vendredi,12/12/2025,,,,,,,,,,,,,,,,,,,,,Dr. Delmotte,Dr. Augoyard,,,,,,,,,Dr. Tracogna,,,,,Dr. Devillier,Dr. Bayol,Dr. Meusnier,,,Dr. Sayac,Dr. Milon,Dr. Picot,Dr. Leturc,Dr. Bouthenet,
samedi,13/12/2025,,,,,,,,,,,,,,,,,,,,,,,,,,,,,,,,,,,,,,,,,,,,,,
dimanche,14/12/2025,,,,,,,,,,,,,,,,,,,,,,,,,,,,,,,,,,,,,,,,,,,,,,
lundi,15/12/2025,,,,,,,,,,,,,,,,Dr. Marthelot,Dr. Durand,Dr. Houssami,,,Dr. Bissuel,Dr. Faghahati,,,,Dr. Vasseneix,Dr. El Alami,,,,,,,,,,,,,,Dr. Favreul,Dr. Valentin,Dr. Sigaux,,,
mardi,16/12/2025,Dr. Hullo,Dr. Kheliouen,,,,,,,,,,,,,,Dr. Vallese,Dr. Meusnier,,,,,,,,,,,,,,Dr. Mestrallet,Dr. D'Ingrado,Dr. Gunst,,,,,,,,Dr. Barbier,Dr. Delaval,,,,
mercredi,17/12/2025,,,,,,,,,,,Dr. Rochepeau,Dr. Gineys,,,,Dr. Afathi,Dr. Sayac,Dr. Delaval,,,Dr. Augoyard,Dr. Valentin,Dr. Kimakhe,,,,,,,,Dr. Durand,Dr. Duquesne,,,,,,,,,,,,,,
jeudi,18/12/2025,Dr. Barbier,Dr. Bissuel,,,,Dr. Mukish,Dr. Picot,Dr. Bordier,,,Dr. Dumas,Dr. Reskallah,Dr. Laurendon,,,,,,,,,,,,,,,,,,,,,,,Dr. Boujnah,Dr. Fortoul,,,,,,,,,
vendredi,19/12/2025,Dr. Meusnier,Dr. Sigaux,,Dr. Châteaux,,Dr. Augoyard,Dr. Grosclaude,,,,,,,,,,,,,,,,,,,,,,,,,,,,,Dr. Bernier,Dr. Bouthenet,,,,Dr. Leturc,Dr. Milon,Dr. Han,Dr. Jaby,Dr. Sayac,
samedi,20/12/2025,,,,,,,,,,,,,,,,,,,,,,,,,,,,,,,,,,,,,,,,,,,,,,
dimanche,21/12/2025,,,,,,,,,,,,,,,,,,,,,,,,,,,,,,,,,,,,,,,,,,,,,,
lundi,22/12/2025,,,,,,,,,,,,,,,,Dr. Afathi,Dr. Tetard,,Dr. Le Diagon,,,Dr. Durand,,,,,,,,,Dr. Augoyard,Dr. Sigaux,Dr. Han,,,Dr. Charleux,Dr. Guillaud,,,,,,,,,
mardi,23/12/2025,,,,,,,,,,,Dr. Vasseneix,,,,,Dr. Mestrallet,,,,,,Dr. Leturc,Dr. Barbier,,,,,,,,,,,,,Dr. Bissuel,,Dr. D'Ingrado,Dr. Barba,,,,,,,
mercredi,24/12/2025,,,,,,,,,,,Dr. Durand,,,,,,,,,,Dr. Vallese,,,,,,,,,,Dr. Rochepeau,,,,,Dr. Augoyard,Dr. Valentin,,,,,,,,,
jeudi,25/12/2025,,,,,,,,,,,,,,,,,,,,,,,,,,,,,,,,,,,,,,,,,,,,,,
vendredi,26/12/2025,,,,,,,,,,,,,,,,,,,,,,,,,,,,,,,,,,,,,,,,,,,,,,
samedi,27/12/2025,,,,,,,,,,,,,,,,,,,,,,,,,,,,,,,,,,,,,,,,,,,,,,
dimanche,28/12/2025,,,,,,,,,,,,,,,,,,,,,,,,,,,,,,,,,,,,,,,,,,,,,,
lundi,29/12/2025,,,,,,,,,,,,,,,,,,,,,,,,,,,,,,,,,,,,,,,,,,,,,,
mardi,30/12/2025,,,,,,,,,,,,,,,,,,,,,,,,,,,,,,,,,,,,,,,,,,,,,,
mercredi,31/12/2025,,,,,,,,,,,,,,,,,,,,,,,,,,,,,,,,,,,,,,,,,,,,,,
jeudi,01/01/2026,,,,,,,,,,,,,,,,,,,,,,,,,,,,,,,,,,,,,,,,,,,,,,
vendredi,02/01/2026,,,,,,,,,,,,,,,,,,,,,,,,,,,,,,,,,,,,,,,,,,,,,,
samedi,03/01/2026,,,,,,,,,,,,,,,,,,,,,,,,,,,,,,,,,,,,,,,,,,,,,,
dimanche,04/01/2026,,,,,,,,,,,,,,,,,,,,,,,,,,,,,,,,,,,,,,,,,,,,,,
lundi,05/01/2026,,,,,,Dr. Afathi,Dr. Augoyard,,,,,,,,,Dr. Guillaud,Dr. Le Diagon,Dr. Jouan,,,,,,,,,,,,,,,,,,Dr. Meusnier,,,,,Dr. Durand,Dr. Duquesne,,,,
mardi,06/01/2026,,,,,,,,,,,,,,,,,,,,,Dr. Authom,Dr. Mestrallet,Dr. Barba,,,Dr. Bissuel,,Dr. Delaval,,,Dr. D'Ingrado,Dr. El Alami,Dr. Barbier,,,Dr. Vasseneix,Dr. Houssami,,,,,,,,,
mercredi,07/01/2026,,,,,,Dr. Duquesne,Dr. Gineys,Dr. Durand,,,,,,,,Dr. Augoyard,Dr. Valentin,Dr. Delaval,,,Dr. Rochepeau,Dr. Fortoul,,,,,,,,,,,,,,,,,,,Dr. Vallese,Dr. Favreul,,,,
jeudi,08/01/2026,Dr. Barbier,Dr. Laurendon,,,,Dr. Bissuel,Dr. Châteaux,Dr. Badet,,,,,,,,Dr. Tracogna,Dr. Bouz,,,,,,,,,Dr. Afathi,Dr. Nove Josserand,,,,,,,,,,,,,,,,,,,
vendredi,09/01/2026,Dr. Devillier,Dr. Bayol,Dr. Meusnier,,,Dr. Tracogna,,,,,,,,,,,,,,,,,,,,,,,,,Dr. Delmotte,Dr. Augoyard,Dr. Barbier,,,Dr. Han,Dr. Milon,Dr. Bouthenet,Dr. Picot,,,,,,,
samedi,10/01/2026,,,,,,,,,,,,,,,,,,,,,,,,,,,,,,,,,,,,,,,,,,,,,,
dimanche,11/01/2026,,,,,,,,,,,,,,,,,,,,,,,,,,,,,,,,,,,,,,,,,,,,,,
lundi,12/01/2026,,,,,,Dr. Bissuel,,,,Dr. Ninou,Dr. El Alami,Dr. Durand,Dr. Valentin,,,,,,,,,,,,,,Dr. Marthelot,,,,,,,,,,,,,,Dr. Favreul,Dr. Vallese,Dr. Sigaux,,,
mardi,13/01/2026,Dr. Vallese,Dr. Meusnier,,,,,,,,,Dr. Hullo,Dr. Kheliouen,,,,Dr. Favreul,Dr. Gunst,,Dr. Sigaux,,,,,,,,,,,,,,,,,,,,,,,,,,,
mercredi,14/01/2026,Dr. Durand,Dr. Duquesne,,,,Dr. Afathi,Dr. Ninou,,,,,,,,,Dr. Rochepeau,Dr. Gineys,,,,,,,,,,,,,,Dr. Augoyard,Dr. Valentin,Dr. Kimakhe,,,,,,,,,,,,,
jeudi,15/01/2026,,,,,,Dr. Laurendon,Dr. Dumas,Dr. Reskallah,,,Dr. Bissuel,Dr. Perez,,,,,,,,,Dr. Boujnah,Dr. Fortoul,,,,Dr. Châteaux,Dr. Bordier,Dr. Mukish,,,,,,,,,,,,,,,,,,
vendredi,16/01/2026,,,,,,Dr. Bernier,Dr. Sigaux,,,,Dr. Leturc,Dr. Han,Dr. Sayac,,Dr. Jaby,,,,,,,,,,,,,,,,Dr. Augoyard,Dr. Grosclaude,,,,,,,,,Dr. Meusnier,Dr. Erhard,,,,
samedi,17/01/2026,,,,,,,,,,,,,,,,,,,,,,,,,,,,,,,,,,,,,,,,,,,,,,
dimanche,18/01/2026,,,,,,,,,,,,,,,,,,,,,,,,,,,,,,,,,,,,,,,,,,,,,,
lundi,19/01/2026,Dr. Afathi,Dr. Charleux,Dr. Guillaud,,,,,,,,,,,,,,,,,,Dr. Durand,Dr. Duquesne,,,,,,,,,,,,,,Dr. Authom,Dr. Le Diagon,Dr. Picot,Dr. Laurendon,,Dr. Augoyard,,,,,
mardi,20/01/2026,,,,,,Dr. Vasseneix,Dr. Houssami,,,,Dr. Mestrallet,Dr. El Alami,Dr. Barbier,,,,,,,,,,,,,,,,,,Dr. Bissuel,Dr. D'Ingrado,Dr. Authom,,,,,,,,Dr. Delaval,Dr. Gauthier,Dr. Barba,,,
mercredi,21/01/2026,,,,,,,,,,,Dr. Vallese,Dr. Gauthier,Dr. Favreul,,,,,,,,Dr. Duquesne,Dr. Durand,Dr. Gineys,,,Dr. Augoyard,Dr. Valentin,Dr. Han,,,,,,,,Dr. Rochepeau,Dr. Fortoul,,,,,,,,,
jeudi,22/01/2026,Dr. Tracogna,Dr. Bouz,,,,Dr. Laurendon,Dr. Barbier,,,,,,,,,Dr. Afathi,Dr. Mukish,,,,Dr. Bissuel,Dr. Nove Josserand,,,,,,,,,,,,,,,,,,,,,,,,
vendredi,23/01/2026,Dr. Devillier,,Dr. Meusnier,,,Dr. Delmotte,Dr. Bayol,Dr. Augoyard,Dr. Jouan,,,,,,,,,,,,,,,,,,,,,,Dr. Han,Dr. Milon,Dr. Bouthenet,Dr. Leturc,,Dr. Tracogna,,,,,,,,,,
samedi,24/01/2026,,,,,,,,,,,,,,,,,,,,,,,,,,,,,,,,,,,,,,,,,,,,,,
dimanche,25/01/2026,,,,,,,,,,,,,,,,,,,,,,,,,,,,,,,,,,,,,,,,,,,,,,
lundi,26/01/2026,,,,,,,,,,,,,,,,Dr. El Alami,Dr. Durand,,,,Dr. Valentin,Dr. Sigaux,,,,Dr. Favreul,Dr. Jouan,,,,Dr. Charleux,Dr. Marthelot,,,,,,,,,,,,,,
mardi,27/01/2026,Dr. Authom,Dr. D'Ingrado,Dr. Gunst,,,,,,,,,,,,,Dr. Vallese,Dr. Faghahati,,,,Dr. Vasseneix,Dr. Kheliouen,,,,,,,,,Dr. Barbier,Dr. Delaval,,,,,,,,,,,,,,
mercredi,28/01/2026,Dr. Afathi,Dr. Sayac,Dr. Cailleaux,,,,,,,,Dr. Rochepeau,,,,,Dr. Augoyard,Dr. Valentin,Dr. Kimakhe,,,,,,,,,,,,,,,,,,,,,,,Dr. Durand,Dr. Duquesne,,,,
jeudi,29/01/2026,,,,,,,,,,,Dr. Laurendon,Dr. Dumas,Dr. Reskallah,,,,,,,,Dr. Perez,Dr. Bissuel,Dr. Vaucher,,,Dr. Boujnah,Dr. Fortoul,,,,Dr. Bordier,Dr. Mukish,,,,,,,,,,,,,,
vendredi,30/01/2026,,,,,,,,,,,Dr. Grosclaude,Dr. Bouthenet,Dr. André,,,,,,,,Dr. Augoyard,Dr. Erhard,Dr. Ninou,,,Dr. Sayac,Dr. Leturc,Dr. Han,Dr. Picot,,,,,,,,,,,,Dr. Bernier,Dr. Kheliouen,,,,
samedi,31/01/2026,,,,,,,,,,,,,,,,,,,,,,,,,,,,,,,,,,,,,,,,,,,,,,
dimanche,01/02/2026,,,,,,,,,,,,,,,,,,,,,,,,,,,,,,,,,,,,,,,,,,,,,,
lundi,02/02/2026,Dr. Duquesne,Dr. Durand,Dr. Gauthier,,,,,,,,,,,,,,,,,,,,,,,,,,,,Dr. Charleux,Dr. Guillaud,Dr. Afathi,,,,Dr. Authom,Dr. Picot,,,Dr. Augoyard,Dr. Meusnier,,,,
mardi,03/02/2026,,,,,,Dr. Authom,Dr. D'Ingrado,Dr. Barba,Dr. Bordier,,Dr. Bissuel,,Dr. Delaval,,,,,,,,Dr. Vasseneix,Dr. Houssami,,,,Dr. Leturc,Dr. El Alami,Dr. Barbier,,,,,,,,,,,,,,,,,,
mercredi,04/02/2026,,,,,,,,,,,Dr. Augoyard,Dr. Valentin,Dr. Delaval,,,Dr. Fortoul,,,,,,,,,,Dr. Vallese,Dr. Gauthier,Dr. Favreul,,,Dr. Duquesne,Dr. Durand,,,,,,,,,,,,,,
jeudi,05/02/2026,,,,,,Dr. Bissuel,Dr. Nove Josserand,,,,,,,,,Dr. Afathi,Dr. Badet,Dr. Châteaux,,,,,,,,,,,,,Dr. Barbier,Dr. Laurendon,,,,Dr. Tracogna,Dr. Bouz,,,,,,,,,
vendredi,06/02/2026,,,,,,Dr. Tracogna,,,,,,,,,,Dr. Devillier,Dr. Meusnier,,Dr. Leturc,,,,,,,Dr. Houssami,Dr. Jouan,,Dr. Milon,Dr. Bouthenet,,,,,,,,,,,Dr. Delmotte,Dr. Augoyard,,,,
samedi,07/02/2026,,,,,,,,,,,,,,,,,,,,,,,,,,,,,,,,,,,,,,,,,,,,,,
dimanche,08/02/2026,,,,,,,,,,,,,,,,,,,,,,,,,,,,,,,,,,,,,,,,,,,,,,
lundi,09/02/2026,,,,,,Dr. Vasseneix,,,,,Dr. Favreul,Dr. Valentin,Dr. Sigaux,,,Dr. Bissuel,Dr. Bloy,Dr. Leturc,,,,,,,,,,,,,,,,,,,,,,,Dr. Durand,Dr. El Alami,Dr. Jouan,,,
mardi,10/02/2026,Dr. Barbier,Dr. Delaval,,,,Dr. Authom,Dr. D'Ingrado,Dr. Gunst,,,,,,,,Dr. Vallese,Dr. Meusnier,,,,,,,,,,,,,,,,,,,Dr. Hullo,Dr. Kheliouen,,,,,,,,,
mercredi,11/02/2026,Dr. Augoyard,Dr. Kimakhe,Dr. Valentin,,,Dr. Rochepeau,Dr. Gineys,,,,Dr. Afathi,Dr. Sayac,Dr. Cailleaux,,,,,,,,,,,,,,,,,,,,,,,Dr. Durand,Dr. Duquesne,,,,,,,,,
jeudi,12/02/2026,Dr. Laurendon,Dr. Dumas,Dr. Reskallah,,,,,,,,Dr. Barbier,Dr. Bissuel,,,,,,Dr. Nove Josserand,,,,,,,,,,,,,,,,,,Dr. Bordier,Dr. Picot,,,,,,,,,
vendredi,13/02/2026,Dr. Han,Dr. Meusnier,,,,Dr. Sayac,Dr. André,Dr. Picot,Dr. Leturc,,,,,,,Dr. Bernier,Dr. Marthelot,,,,,,,,,,,,,,,,,,,,,,,,Dr. Augoyard,,,,,
samedi,14/02/2026,,,,,,,,,,,,,,,,,,,,,,,,,,,,,,,,,,,,,,,,,,,,,,
dimanche,15/02/2026,,,,,,,,,,,,,,,,,,,,,,,,,,,,,,,,,,,,,,,,,,,,,,
lundi,16/02/2026,,,,,,Dr. Durand,Dr. Duquesne,,,,,,,,,,,,,,,,,,,Dr. Augoyard,Dr. Afathi,,,,Dr. Charleux,Dr. Guillaud,Dr. Authom,Dr. Le Diagon,,,,Dr. Picot,Dr. Bouthenet,,,,,,,
mardi,17/02/2026,,,,,,Dr. Mestrallet,Dr. D'Ingrado,Dr. Authom,,,Dr. Barba,Dr. Jaby,Dr. Han,Dr. Leturc,,,,,,,,,,,,Dr. Vasseneix,Dr. Houssami,,,,Dr. El Alami,Dr. Faghahati,,,,,,,,,,,,,,
mercredi,18/02/2026,,,,,,Dr. Fortoul,,Dr. Bloy,,,Dr. Durand,Dr. Duquesne,Dr. Gineys,,,,,,,,,,,,,,,,,,Dr. Gauthier,Dr. Valentin,Dr. Bouthenet,,,,,,,,,,,,,
jeudi,19/02/2026,,,,,,,,,,,,,,,,,,,,,Dr. Afathi,Dr. Mukish,,,,Dr. Mestrallet,Dr. Perez,,,,,,,,,Dr. Châteaux,Dr. Tracogna,,,,,,,,,
vendredi,20/02/2026,,,,,,,,,,,Dr. Tracogna,,,,,,,,,,Dr. Meusnier,Dr. Devillier,,,,Dr. Delmotte,,,Dr. Bayol,,,,,,,Dr. Leturc,Dr. Han,,,,,,,,,
samedi,21/02/2026,,,,,,,,,,,,,,,,,,,,,,,,,,,,,,,,,,,,,,,,,,,,,,
dimanche,22/02/2026,,,,,,,,,,,,,,,,,,,,,,,,,,,,,,,,,,,,,,,,,,,,,,
lundi,23/02/2026,,,,,,Dr. Favreul,Dr. Marthelot,Dr. Perillat Collomb,,,,,,,,,,,,,Dr. Lebret,,,,,,,,,,Dr. El Alami,Dr. Durand,Dr. Faghahati,,,,,,,,Dr. Valentin,Dr. Sigaux,Dr. Mestrallet,,Dr. Leturc,
mardi,24/02/2026,Dr. Vallese,Dr. Meusnier,,,,Dr. Barbier,Dr. Delaval,,,,Dr. Vasseneix,Dr. Kheliouen,,,,Dr. Authom,Dr. D'Ingrado,Dr. Gunst,,,,,,,,,,,,,,,,,,,,,,,,,,,,
mercredi,25/02/2026,Dr. Rochepeau,Dr. Marthelot,,,,,,,,,,,,,,Dr. Afathi,Dr. Sayac,Dr. Cailleaux,,,Dr. Augoyard,Dr. Valentin,Dr. Kimakhe,,,,,,,,,,,,,Dr. Duquesne,Dr. Durand,,,,,,,,,
jeudi,26/02/2026,,,,,,Dr. Boujnah,Dr. Vaucher,Dr. Perez,Dr. Fortoul,,,,,,,Dr. Mukish,Dr. Bissuel,,,,Dr. Dumas,Dr. Reskallah,Dr. Laurendon,,,,,,,,,,,,,Dr. Bordier,Dr. Bordier,,,,,,,,,
vendredi,27/02/2026,,,,,,,,,,,,,,,,,,,,,Dr. Bernier,Dr. Kheliouen,,,,Dr. Augoyard,Dr. Grosclaude,Dr. Jouan,,,Dr. Ninou,Dr. Erhard,Dr. Meusnier,,,,,,,,Dr. Sayac,Dr. Leturc,Dr. Bouthenet,Dr. Han,,
samedi,28/02/2026,,,,,,,,,,,,,,,,,,,,,,,,,,,,,,,,,,,,,,,,,,,,,,
dimanche,01/03/2026,,,,,,,,,,,,,,,,,,,,,,,,,,,,,,,,,,,,,,,,,,,,,,
lundi,02/03/2026,Dr. Charleux,Dr. Guillaud,Dr. Afathi,,,,,,,,,,,,,Dr. Duquesne,Dr. Cotte,Dr. Durand,,,Dr. Meusnier,,,,,Dr. Augoyard,Dr. Authom,Dr. Le Diagon,,,,,,,,,,,,,,,,,,
mardi,03/03/2026,,,,,,Dr. Bissuel,Dr. D'Ingrado,Dr. Delaval,,,Dr. Leturc,Dr. El Alami,Dr. Barbier,,,Dr. Vasseneix,Dr. Houssami,,,,,,,,,,,,,,,,,,,,,,,,Dr. Authom,Dr. Mestrallet,Dr. Barba,Dr. Bordier,,
mercredi,04/03/2026,Dr. Augoyard,Dr. Valentin,Dr. Delaval,,,,,,,,,,,,,Dr. Favreul,Dr. Vallese,Dr. Gauthier,,,,,,,,Dr. Rochepeau,Dr. Fortoul,,,,,,,,,,,,,,Dr. Duquesne,Dr. Gineys,Dr. Durand,,,
jeudi,05/03/2026,Dr. Laurendon,Dr. Barbier,,,,,,,,,Dr. Afathi,Dr. Badet,Dr. Châteaux,,,,,,,,,,,,,,,Dr. Bissuel,Dr. Nove Josserand,,Dr. Tracogna,Dr. Bouz,,,,,,,,,,,,,,
vendredi,06/03/2026,Dr. Bouthenet,Dr. Milon,Dr. Leturc,Dr. Jouan,,,,,,,,,,,,,,,,,,,,,,Dr. Delmotte,Dr. Tracogna,,,,Dr. Meusnier,Dr. Bayol,Dr. Devillier,,,Dr. Augoyard,,,,,,,,,,
samedi,07/03/2026,,,,,,,,,,,,,,,,,,,,,,,,,,,,,,,,,,,,,,,,,,,,,,
dimanche,08/03/2026,,,,,,,,,,,,,,,,,,,,,,,,,,,,,,,,,,,,,,,,,,,,,,
lundi,09/03/2026,,,,,,Dr. Bissuel,Dr. Barbier,,,,,,,,,Dr. El Alami,Dr. Durand,Dr. Perillat Collomb,,,Dr. Favreul,Dr. Valentin,Dr. Sigaux,,,Dr. Vasseneix,Dr. Marthelot,,,,,,,,,,,,,,,,,,,
mardi,10/03/2026,,,,,,,,,,,Dr. Authom,Dr. D'Ingrado,Dr. Gunst,,,Dr. Barbier,Dr. Delaval,,,,,,,,,,,,,,,Dr. Meusnier,,,,,,,,,Dr. Hullo,Dr. Kheliouen,Dr. Vallese,,,
mercredi,11/03/2026,,,,,,Dr. Augoyard,,Dr. Valentin,Dr. Kimakhe,,Dr. Durand,Dr. Duquesne,,,,Dr. Rochepeau,Dr. Gineys,Dr. Afathi,,,,Dr. Sayac,Dr. Cailleaux,,,,,,,,,,,,,,,,,,,,,,,
jeudi,12/03/2026,,,,,,,,,,,,,,,,,,,,,Dr. Mukish,Dr. Châteaux,Dr. Bordier,,,Dr. Dumas,Dr. Reskallah,Dr. Laurendon,,,Dr. Vaucher,Dr. Perez,Dr. Bissuel,,,Dr. Boujnah,,,,,,,,,,
vendredi,13/03/2026,,,,,,Dr. Meusnier,Dr. Erhard,Dr. Ninou,,,Dr. Bernier,,,,,,,,,,,,,,,,,,,,Dr. Sigaux,Dr. Sayac,,Dr. Leturc,Dr. Picot,,,,,,Dr. Augoyard,Dr. Grosclaude,,,,
samedi,14/03/2026,,,,,,,,,,,,,,,,,,,,,,,,,,,,,,,,,,,,,,,,,,,,,,
dimanche,15/03/2026,,,,,,,,,,,,,,,,,,,,,,,,,,,,,,,,,,,,,,,,,,,,,,
lundi,16/03/2026,Dr. Augoyard,Dr. Laurendon,,,,Dr. Afathi,Dr. Authom,Dr. Le Diagon,,,,,,,,,,,,,Dr. Duquesne,Dr. Durand,Dr. Cotte,,,,,,,,,,,,,,,,,,Dr. Charleux,Dr. Guillaud,,,,
mardi,17/03/2026,,,,,,Dr. Barba,Dr. Delaval,,,,,,,,,,,,,,Dr. Barbier,Dr. Sigaux,Dr. Bloy,,,,,,,,Dr. Vasseneix,,,,,,,,,,Dr. Bissuel,Dr. D'Ingrado,Dr. Authom,,,
mercredi,18/03/2026,,,,,,Dr. Duquesne,Dr. Durand,Dr. Gineys,,,Dr. Vallese,Dr. Gauthier,Dr. Favreul,,,,,,,,,,,,,,,,,,Dr. Augoyard,Dr. Valentin,Dr. Delaval,,,Dr. Rochepeau,Dr. Fortoul,,,,,,,,,
jeudi,19/03/2026,Dr. Afathi,Dr. Tracogna,Dr. Bouz,,,,,,,,Dr. Mukish,Dr. Nove Josserand,,,,,,,,,,,,,,,,,,,Dr. Laurendon,Dr. Barbier,,,,Dr. Bissuel,,,,,,,,,,
vendredi,20/03/2026,Dr. André,Dr. Meusnier,,,,Dr. Tracogna,Dr. Jouan,Dr. Delmotte,,,,,,,,,,,,,,,,,,,,,,,,,,,,Dr. Bayol,Dr. Augoyard,,,,Dr. Milon,Dr. Leturc,Dr. Han,Dr. Bouthenet,,
samedi,21/03/2026,,,,,,,,,,,,,,,,,,,,,,,,,,,,,,,,,,,,,,,,,,,,,,
dimanche,22/03/2026,,,,,,,,,,,,,,,,,,,,,,,,,,,,,,,,,,,,,,,,,,,,,,
lundi,23/03/2026,,,,,,Dr. Favreul,Dr. Valentin,Dr. Sigaux,,,,,,,,Dr. El Alami,Dr. Durand,Dr. Perillat Collomb,,,,,,,,Dr. Charleux,Dr. Marthelot,,Dr. Mestrallet,,,,,,,Dr. Lebret,Dr. Lebret,,,,,,,,,
mardi,24/03/2026,,,,,,Dr. Jouan,Dr. D'Ingrado,Dr. Gunst,,,Dr. Kheliouen,Dr. Houssami,,,,Dr. Delaval,Dr. Faghahati,Dr. Mestrallet,,,,,,,,Dr. Vallese,Dr. Meusnier,,,,,,,,,,,,,,,,,,,
mercredi,25/03/2026,,,,,,,,,,,,,,,,Dr. Augoyard,Dr. Valentin,Dr. Grosclaude,,,Dr. Durand,Dr. Duquesne,,,,,,,,,,,,,,Dr. Sayac,Dr. Cailleaux,,,,Dr. Afathi,Dr. Rochepeau,Dr. Kimakhe,,,
jeudi,26/03/2026,,,,,,,,,,,,,,,,,,,,,Dr. Bissuel,Dr. Bordier,,,,Dr. Laurendon,,Dr. Dumas,Dr. Reskallah,,,Dr. Vaucher,Dr. Perez,Dr. Boujnah,Dr. Fortoul,Dr. Mukish,,,,,,,,,,
vendredi,27/03/2026,,,,,,,,,,,,,,,,,,,,,,Dr. Meusnier,,Dr. Picot,,,,,,,Dr. Bouthenet,Dr. Sayac,Dr. Leturc,Dr. Jaby,Dr. Jouan,Dr. Bernier,Dr. Kheliouen,,,,Dr. Augoyard,Dr. Ninou,,,,
samedi,28/03/2026,,,,,,,,,,,,,,,,,,,,,,,,,,,,,,,,,,,,,,,,,,,,,,
dimanche,29/03/2026,,,,,,,,,,,,,,,,,,,,,,,,,,,,,,,,,,,,,,,,,,,,,,
lundi,30/03/2026,Dr. Duquesne,Dr. Cotte,Dr. Durand,,,,,,,,,,,,,,,,,,Dr. Meusnier,Dr. Authom,Dr. Le Diagon,,,,,Dr. Charleux,Dr. Guillaud,,,,,,,,,,,,Dr. Augoyard,Dr. Afathi,,,,
mardi,31/03/2026,,,,,,Dr. Authom,Dr. Mestrallet,Dr. Sigaux,Dr. Barba,,,,,,,Dr. Barbier,Dr. El Alami,Dr. Leturc,,,Dr. Bissuel,Dr. D'Ingrado,Dr. Delaval,,,,,,,,Dr. Vasseneix,Dr. Houssami,,,,,,,,,,,,,,
mercredi,01/04/2026,,,,,,Dr. Augoyard,Dr. Valentin,Dr. Delaval,,,,,,,,Dr. Durand,Dr. Duquesne,Dr. Gineys,,,,,,,,,,,,,,,,,,Dr. Favreul,,,,,Dr. Vallese,Dr. Le Diagon,Dr. Rochepeau,Dr. Fortoul,,
jeudi,02/04/2026,Dr. Faghahati,Dr. Tracogna,Dr. Bouz,,,,,,,,Dr. Nove Josserand,Dr. Nove Josserand,,,,Dr. Laurendon,Dr. Barbier,,,,,,,,,Dr. Bissuel,Dr. Badet,Dr. Leturc,,,,,,,,,,,,,,,,,,
vendredi,03/04/2026,Dr. Tracogna,,,,,,,,,,Dr. Delmotte,Dr. Augoyard,,,,,,,,,,,,,,Dr. Devillier,Dr. Bayol,Dr. Meusnier,,,Dr. Leturc,Dr. Milon,Dr. Bouthenet,Dr. Jaby,Dr. Picot,,,,,,,,,,,
samedi,04/04/2026,,,,,,,,,,,,,,,,,,,,,,,,,,,,,,,,,,,,,,,,,,,,,,
dimanche,05/04/2026,,,,,,,,,,,,,,,,,,,,,,,,,,,,,,,,,,,,,,,,,,,,,,
lundi,06/04/2026,,,,,,,,,,,,,,,,,,,,,,,,,,,,,,,,,,,,,,,,,,,,,,
mardi,07/04/2026,Dr. Vallese,Dr. Meusnier,,,,,,,,,,,,,,Dr. Authom,Dr. D'Ingrado,Dr. Gunst,,,,,,,,,,,,,,,,,,Dr. Vasseneix,Dr. Kheliouen,,,,Dr. Leturc,Dr. Kimakhe,Dr. Jouan,,,
mercredi,08/04/2026,,,,,,Dr. Durand,Dr. Duquesne,,,,,,,,,Dr. Sayac,Dr. Cailleaux,,,,,,,,,,,,,,Dr. Marthelot,Dr. Gineys,,,,,,,,,Dr. Augoyard,Dr. Valentin,Dr. Kimakhe,,,
jeudi,09/04/2026,,Dr. Fortoul,Dr. Perez,,,,,,,,,,,,,Dr. Laurendon,Dr. Dumas,,,,,,,,,,,,,,Dr. Bordier,Dr. Picot,,,,,,,,,,,,,,
vendredi,10/04/2026,Dr. Sayac,Dr. Han,Dr. Leturc,Dr. Jouan,,Dr. Meusnier,Dr. Grosclaude,,,,,,,,,,,,,,,,,,,,,,,,Dr. Augoyard,,,,,Dr. Bernier,,,,,,,,,,
samedi,11/04/2026,,,,,,,,,,,,,,,,,,,,,,,,,,,,,,,,,,,,,,,,,,,,,,
dimanche,12/04/2026,,,,,,,,,,,,,,,,,,,,,,,,,,,,,,,,,,,,,,,,,,,,,,
lundi,13/04/2026,,,,,,Dr. Duquesne,Dr. Cotte,Dr. Durand,,,Dr. Authom,Dr. Le Diagon,Dr. Picot,,,Dr. Augoyard,Dr. Han,,,,,,,,,Dr. Charleux,Dr. Guillaud,,,,,,,,,,,,,,,,,,,
mardi,14/04/2026,,,,,,Dr. Vasseneix,Dr. Houssami,,Dr. Mestrallet,,,,,,,Dr. Bissuel,Dr. D'Ingrado,Dr. Authom,,,Dr. Delaval,,,,,Dr. El Alami,Dr. Sigaux,Dr. Barba,Dr. Jaby,,,,,,,,,,,,,,,,,
mercredi,15/04/2026,,,,,,Dr. Vallese,Dr. Gauthier,Dr. Valentin,Dr. Delaval,,Dr. Rochepeau,Dr. Fortoul,,,,,,,,,Dr. Augoyard,,,,,Dr. Durand,Dr. Duquesne,Dr. Gineys,,,,,,,,,,,,,,,,,,
jeudi,16/04/2026,,,,,,,,,,,,,,,,Dr. Mukish,Dr. Nove Josserand,,,,Dr. Tracogna,Dr. Bouz,,,,Dr. Bissuel,Dr. Afathi,,,,,,,,,,,,,,,,,,,
vendredi,17/04/2026,,,,,,Dr. Milon,Dr. Leturc,,Dr. Bouthenet,,Dr. Meusnier,Dr. Devillier,Dr. André,,,Dr. Tracogna,,,,,Dr. Delmotte,Dr. Jouan,Dr. Augoyard,,Dr. Jaby,,,,,,,,,,,,,,,,,,,,,
samedi,18/04/2026,,,,,,,,,,,,,,,,,,,,,,,,,,,,,,,,,,,,,,,,,,,,,,
dimanche,19/04/2026,,,,,,,,,,,,,,,,,,,,,,,,,,,,,,,,,,,,,,,,,,,,,,
lundi,20/04/2026,Dr. Valentin,Dr. Sigaux,Dr. Barbier,,,,,,,,,,,,,Dr. Favreul,Dr. Lebret,,,,,,,,,,,,,,Dr. Marthelot,,,,,,,,,,Dr. El Alami,Dr. Durand,Dr. Perillat Collomb,,,
mardi,21/04/2026,Dr. Vallese,Dr. Meusnier,,,,,,,,,,,,,,Dr. Barbier,Dr. Delaval,,,,,,,,,Dr. Authom,Dr. D'Ingrado,Dr. Gunst,,,,,,,,Dr. Kheliouen,Dr. Vasseneix,,,,,,,,,
mercredi,22/04/2026,Dr. Afathi,Dr. Sayac,Dr. Cailleaux,,,,,,,,Dr. Augoyard,Dr. Valentin,Dr. Kimakhe,,,,Dr. Durand,Dr. Grosclaude,,,Dr. Rochepeau,,,,,,,,,,,,,,,,,,,,,,,,,
jeudi,23/04/2026,,,,,,,,,,,,,,,,,,,,,Dr. Laurendon,Dr. Reskallah,Dr. Dumas,,,Dr. Boujnah,Dr. Fortoul,,,,Dr. Mukish,Dr. Bordier,,,,,,,,,Dr. Bissuel,Dr. Vaucher,Dr. Perez,,,
vendredi,24/04/2026,Dr. Sayac,Dr. Leturc,Dr. Jouan,Dr. Han,,,,,,,Dr. Meusnier,Dr. Bouthenet,,,,Dr. Augoyard,Dr. Erhard,Dr. Ninou,,,,,,,,,,,,,,,,,,Dr. Bernier,Dr. Kheliouen,,,,,,,,,
samedi,25/04/2026,,,,,,,,,,,,,,,,,,,,,,,,,,,,,,,,,,,,,,,,,,,,,,
dimanche,26/04/2026,,,,,,,,,,,,,,,,,,,,,,,,,,,,,,,,,,,,,,,,,,,,,,
lundi,27/04/2026,,,,,,,,,,,,,,,,Dr. Afathi,Dr. Meusnier,,,,Dr. Charleux,Dr. Guillaud,,,,Dr. Augoyard,Dr. Authom,Dr. Le Diagon,,,,,,,,,,,,,Dr. Durand,Dr. Duquesne,Dr. Cotte,,,
mardi,28/04/2026,,,,,,Dr. Barbier,Dr. El Alami,Dr. Leturc,,,Dr. Bissuel,Dr. D'Ingrado,Dr. Delaval,,,,,,,,,Dr. Mestrallet,Dr. Barba,,,,,,,,,,,,,,,,,,Dr. Vasseneix,Dr. Houssami,Dr. Authom,,,
mercredi,29/04/2026,,,,,,Dr. Durand,,Dr. Duquesne,,,,,,,,Dr. Augoyard,Dr. Valentin,Dr. Delaval,,,,,,,,,,,,,,,,,,Dr. Favreul,,,,,Dr. Rochepeau,Dr. Fortoul,Dr. Vallese,Dr. Gauthier,,
jeudi,30/04/2026,Dr. Afathi,Dr. Bissuel,,,,,,,,,Dr. Châteaux,Dr. Nove Josserand,,,,Dr. Barbier,Dr. Laurendon,,,,,,,,,,,,,,,,,,,Dr. Tracogna,Dr. Bouz,,,,,,,,,
,01/05/2026,,,,,,,,,,,,,,,,,,,,,,,,,,,,,,,,,,,,,,,,,,,,,,
,02/05/2026,,,,,,,,,,,,,,,,,,,,,,,,,,,,,,,,,,,,,,,,,,,,,,
,03/05/2026,,,,,,,,,,,,,,,,,,,,,,,,,,,,,,,,,,,,,,,,,,,,,,